,Unnamed: 0,sigla_partido,EBAIRRNOMEOF,comparecimento,votos_totais,RPA,pct_local
0,0,AVANTE,AFLITOS,2464,47,RPA3,1.9074675324675323
1,1,AVANTE,AFOGADOS,23970,430,RPA5,1.7939090529828954
2,2,AVANTE,AGUA FRIA,21755,1112,RPA2,5.1114686279016315
3,3,AVANTE,ALTO JOSE BONIFACIO,6111,121,RPA3,1.9800360006545572
4,4,AVANTE,ALTO JOSE DO PINHO,8184,171,RPA3,2.089442815249267
5,5,AVANTE,ALTO SANTA TEREZINHA,720,34,RPA2,4.722222222222222
6,6,AVANTE,APIPUCOS,2141,138,RPA3,6.445586174684727
7,7,AVANTE,AREIAS,21224,462,RPA5,2.1767810026385224
8,8,AVANTE,ARRUDA,20390,801,RPA2,3.9283962726826873
9,9,AVANTE,BARRO,7084,150,RPA5,2.1174477696216827
10,10,AVANTE,BEBERIBE,18722,552,RPA2,2.9484029484029484
11,11,AVANTE,BOA VIAGEM,60963,870,RPA6,1.4270951232714926
12,12,AVANTE,BOA VISTA,14400,276,RPA1,1.9166666666666665
13,13,AVANTE,BOMBA DO HEMETERIO,6864,353,RPA2,5.142773892773893
14,14,AVANTE,BONGI,2782,51,RPA5,1.8332135154565061
15,15,AVANTE,BRASILIA TEIMOSA,9212,429,RPA6,4.656969170646982
16,16,AVANTE,BREJO DA GUABIRABA,5731,54,RPA3,0.9422439364857791
17,17,AVANTE,BREJO DE BEBERIBE,2264,27,RPA3,1.1925795053003534
18,18,AVANTE,CABANGA,1491,62,RPA1,4.158283031522468
19,19,AVANTE,CAJUEIRO,6579,162,RPA2,2.462380300957592
20,20,AVANTE,CAMPINA DO BARRETO,5940,200,RPA2,3.3670033670033668
21,21,AVANTE,CAMPO GRANDE,17284,600,RPA2,3.4714186530895628
22,22,AVANTE,CASA AMARELA,42857,945,RPA3,2.2050073500245
23,23,AVANTE,CASA FORTE,10157,143,RPA3,1.4078960322929999
24,24,AVANTE,CIDADE UNIVERSITARIA,10950,179,RPA4,1.634703196347032
25,25,AVANTE,COHAB,10911,221,RPA6,2.0254788745302905
26,26,AVANTE,CORDEIRO,26903,1069,RPA4,3.9735345500501804
27,27,AVANTE,DERBY,1077,14,RPA3,1.2999071494893222
28,28,AVANTE,DOIS IRMAOS,5423,877,RPA3,16.17186059376729
29,29,AVANTE,DOIS UNIDOS,9367,169,RPA2,1.8042062560051242
30,30,AVANTE,ENCRUZILHADA,7089,181,RPA2,2.5532515164339116
31,31,AVANTE,ENGENHO DO MEIO,17273,813,RPA4,4.706767787877034
32,32,AVANTE,ESPINHEIRO,5549,160,RPA3,2.883402414849522
33,33,AVANTE,ESTANCIA,16957,301,Fora,1.7750781388217254
34,34,AVANTE,FUNDAO,8298,299,RPA2,3.603277898288744
35,35,AVANTE,GRACAS,21132,327,RPA3,1.5474162407722885
36,36,AVANTE,GUABIRABA,4763,43,RPA3,0.9027923577577156
37,37,AVANTE,HIPODROMO,5019,163,RPA2,3.247658896194461
38,38,AVANTE,IBURA,66688,1368,RPA6,2.0513435700575817
39,39,AVANTE,ILHA DO LEITE,3085,43,RPA1,1.393841166936791
40,40,AVANTE,ILHA DO RETIRO,985,17,RPA4,1.7258883248730965
41,41,AVANTE,ILHA JOANA BEZERRA,1742,40,RPA1,2.2962112514351323
42,42,AVANTE,IMBIRIBEIRA,38187,576,RPA6,1.5083667216592034
43,43,AVANTE,IPSEP,12301,231,RPA6,1.8778961060076416
44,44,AVANTE,IPUTINGA,26092,477,RPA4,1.828146558332056
45,45,AVANTE,JAQUEIRA,658,16,RPA3,2.43161094224924
46,46,AVANTE,JARDIM SAO PAULO,21495,1229,Fora,5.717608746220051
47,47,AVANTE,JORDAO,20898,369,Fora,1.7657192075796728
48,48,AVANTE,LINHA DO TIRO,10900,300,RPA2,2.7522935779816518
49,49,AVANTE,MACAXEIRA,15211,290,RPA3,1.9065150220235356
50,50,AVANTE,MADALENA,32831,641,RPA4,1.9524230148335413
51,51,AVANTE,MANGABEIRA,3837,117,RPA3,3.0492572322126663
52,52,AVANTE,MONTEIRO,4044,115,RPA3,2.843719090009891
53,53,AVANTE,MORRO DA CONCEICAO,2937,40,RPA3,1.361933946203609
54,54,AVANTE,MUSTARDINHA,14961,220,RPA5,1.4704899405119978
55,55,AVANTE,NOVA DESCOBERTA,23721,378,RPA3,1.5935247249272797
56,56,AVANTE,PARNAMIRIM,4545,69,RPA3,1.518151815181518
57,57,AVANTE,PASSARINHO,2273,74,RPA3,3.255609326880774
58,58,AVANTE,PINA,22533,752,RPA6,3.33732747525851
59,59,AVANTE,POCO,1311,18,Fora,1.3729977116704806
60,60,AVANTE,PORTO DA MADEIRA,4561,100,RPA2,2.1925016443762333
61,61,AVANTE,ROSARINHO,5358,155,RPA2,2.892870474057484
62,62,AVANTE,SAN MARTIN,12852,279,RPA5,2.1708683473389354
63,63,AVANTE,SANCHO,3558,278,RPA5,7.813378302417089
64,64,AVANTE,SANTO AMARO,20199,2599,RPA1,12.866973612555077
65,65,AVANTE,SAO JOSE,9379,221,RPA1,2.3563279667341934
66,66,AVANTE,TAMARINEIRA,7754,399,RPA3,5.145731235491359
67,67,AVANTE,TEJIPIO,25915,2056,RPA5,7.9336291722940375
68,68,AVANTE,TORRE,8581,164,RPA4,1.9111991609369536
69,69,AVANTE,TORREAO,1293,45,RPA2,3.480278422273782
70,70,AVANTE,TORROES,12973,541,RPA4,4.170199645417405
71,71,AVANTE,TOTO,998,85,Fora,8.517034068136272
72,72,AVANTE,VARZEA,33485,545,RPA4,1.6275944452740034
73,73,AVANTE,VASCO DA GAMA,18601,366,RPA3,1.9676361485941616
74,74,AVANTE,ZUMBI,5963,187,RPA4,3.1360053664262955
75,75,CIDADANIA,AFOGADOS,3506,11,RPA5,0.31374786081003997
76,76,CIDADANIA,AGUA FRIA,1832,6,RPA2,0.32751091703056767
77,77,CIDADANIA,ALTO JOSE BONIFACIO,342,1,RPA3,0.29239766081871343
78,78,CIDADANIA,ALTO JOSE DO PINHO,1711,7,RPA3,0.4091174751607247
79,79,CIDADANIA,ALTO SANTA TEREZINHA,322,2,RPA2,0.6211180124223602
80,80,CIDADANIA,APIPUCOS,318,1,RPA3,0.3144654088050315
81,81,CIDADANIA,AREIAS,2658,11,RPA5,0.41384499623777277
82,82,CIDADANIA,ARRUDA,5699,27,RPA2,0.4737673276013336
83,83,CIDADANIA,BARRO,627,2,RPA5,0.3189792663476874
84,84,CIDADANIA,BEBERIBE,1508,5,RPA2,0.33156498673740054
85,85,CIDADANIA,BOA VIAGEM,12641,55,RPA6,0.4350921604303457
86,86,CIDADANIA,BOA VISTA,5924,33,RPA1,0.5570560432140446
87,87,CIDADANIA,BOMBA DO HEMETERIO,4611,19,RPA2,0.41205812188245505
88,88,CIDADANIA,BONGI,754,3,RPA5,0.3978779840848806
89,89,CIDADANIA,BRASILIA TEIMOSA,1520,5,RPA6,0.3289473684210526
90,90,CIDADANIA,BREJO DA GUABIRABA,1250,4,RPA3,0.32
91,91,CIDADANIA,CABANGA,259,1,RPA1,0.3861003861003861
92,92,CIDADANIA,CAJUEIRO,897,3,RPA2,0.33444816053511706
93,93,CIDADANIA,CAMPINA DO BARRETO,1325,5,RPA2,0.37735849056603776
94,94,CIDADANIA,CAMPO GRANDE,2869,9,RPA2,0.3136981526664343
95,95,CIDADANIA,CASA AMARELA,7950,34,RPA3,0.42767295597484273
96,96,CIDADANIA,CASA FORTE,1739,6,RPA3,0.3450258769407705
97,97,CIDADANIA,CIDADE UNIVERSITARIA,3683,17,RPA4,0.4615802335052946
98,98,CIDADANIA,COHAB,1583,7,RPA6,0.4421983575489577
99,99,CIDADANIA,CORDEIRO,12214,58,RPA4,0.4748649091206812
100,100,CIDADANIA,DERBY,859,6,RPA3,0.6984866123399301
101,101,CIDADANIA,DOIS IRMAOS,660,3,RPA3,0.45454545454545453
102,102,CIDADANIA,DOIS UNIDOS,1000,3,RPA2,0.3
103,103,CIDADANIA,ENCRUZILHADA,1384,5,RPA2,0.36127167630057805
104,104,CIDADANIA,ENGENHO DO MEIO,6848,32,RPA4,0.46728971962616817
105,105,CIDADANIA,ESPINHEIRO,1216,5,RPA3,0.41118421052631576
106,106,CIDADANIA,ESTANCIA,873,3,Fora,0.3436426116838488
107,107,CIDADANIA,FUNDAO,1038,4,RPA2,0.3853564547206166
108,108,CIDADANIA,GRACAS,2448,9,RPA3,0.3676470588235294
109,109,CIDADANIA,GUABIRABA,1320,4,RPA3,0.30303030303030304
110,110,CIDADANIA,HIPODROMO,1851,6,RPA2,0.3241491085899514
111,111,CIDADANIA,IBURA,18348,73,RPA6,0.39786352735993025
112,112,CIDADANIA,ILHA DO LEITE,1208,6,RPA1,0.49668874172185434
113,113,CIDADANIA,ILHA DO RETIRO,801,5,RPA4,0.6242197253433208
114,114,CIDADANIA,IMBIRIBEIRA,5699,23,RPA6,0.403579575364099
115,115,CIDADANIA,IPSEP,1220,6,RPA6,0.49180327868852464
116,116,CIDADANIA,IPUTINGA,5926,20,RPA4,0.3374957813027337
117,117,CIDADANIA,JAQUEIRA,339,1,RPA3,0.2949852507374631
118,118,CIDADANIA,JARDIM SAO PAULO,2271,9,Fora,0.3963011889035667
119,119,CIDADANIA,JORDAO,3251,12,Fora,0.3691171947093202
120,120,CIDADANIA,LINHA DO TIRO,656,2,RPA2,0.3048780487804878
121,121,CIDADANIA,MACAXEIRA,1269,4,RPA3,0.31520882584712373
122,122,CIDADANIA,MADALENA,10440,46,RPA4,0.44061302681992337
123,123,CIDADANIA,MANGABEIRA,1482,7,RPA3,0.47233468286099867
124,124,CIDADANIA,MONTEIRO,1361,5,RPA3,0.36737692872887584
125,125,CIDADANIA,MORRO DA CONCEICAO,1017,3,RPA3,0.2949852507374631
126,126,CIDADANIA,MUSTARDINHA,1470,5,RPA5,0.3401360544217687
127,127,CIDADANIA,NOVA DESCOBERTA,5424,19,RPA3,0.35029498525073743
128,128,CIDADANIA,PARNAMIRIM,1587,7,RPA3,0.4410838059231254
129,129,CIDADANIA,PASSARINHO,334,1,RPA3,0.29940119760479045
130,130,CIDADANIA,PINA,4296,16,RPA6,0.37243947858473
131,131,CIDADANIA,PORTO DA MADEIRA,329,1,RPA2,0.303951367781155
132,132,CIDADANIA,ROSARINHO,1473,7,RPA2,0.47522063815342835
133,133,CIDADANIA,SAN MARTIN,1198,5,RPA5,0.41736227045075125
134,134,CIDADANIA,SANCHO,300,1,RPA5,0.33333333333333337
135,135,CIDADANIA,SANTO AMARO,2953,14,RPA1,0.47409414155096513
136,136,CIDADANIA,SAO JOSE,2617,12,RPA1,0.45854031333588074
137,137,CIDADANIA,TAMARINEIRA,1477,5,RPA3,0.3385240352064997
138,138,CIDADANIA,TEJIPIO,2148,10,RPA5,0.4655493482309125
139,139,CIDADANIA,TORRE,3847,14,RPA4,0.363919937613725
140,140,CIDADANIA,TORREAO,195,1,RPA2,0.5128205128205128
141,141,CIDADANIA,TORROES,2262,7,RPA4,0.3094606542882405
142,142,CIDADANIA,VARZEA,8257,30,RPA4,0.3633280852609907
143,143,CIDADANIA,VASCO DA GAMA,2192,7,RPA3,0.3193430656934307
144,144,CIDADANIA,ZUMBI,1926,6,RPA4,0.3115264797507788
145,145,DC,AFLITOS,1221,13,RPA3,1.0647010647010646
146,146,DC,AFOGADOS,23970,561,RPA5,2.3404255319148937
147,147,DC,AGUA FRIA,16111,95,RPA2,0.5896592390292347
148,148,DC,ALTO JOSE BONIFACIO,5451,34,RPA3,0.6237387635296276
149,149,DC,ALTO JOSE DO PINHO,5133,26,RPA3,0.5065263978180402
150,150,DC,ALTO SANTA TEREZINHA,720,3,RPA2,0.4166666666666667
151,151,DC,APIPUCOS,1547,12,RPA3,0.7756948933419522
152,152,DC,AREIAS,21366,432,RPA5,2.0219039595619206
153,153,DC,ARRUDA,17036,125,RPA2,0.733740314627847
154,154,DC,BARRO,5763,60,RPA5,1.041124414367517
155,155,DC,BEBERIBE,12969,85,RPA2,0.6554090523556173
156,156,DC,BOA VIAGEM,57156,670,RPA6,1.1722303870109874
157,157,DC,BOA VISTA,11774,110,RPA1,0.9342619330728724
158,158,DC,BOMBA DO HEMETERIO,4223,21,RPA2,0.49727681742836843
159,159,DC,BONGI,2782,51,RPA5,1.8332135154565061
160,160,DC,BRASILIA TEIMOSA,6568,41,RPA6,0.6242387332521315
161,161,DC,BREJO DA GUABIRABA,3434,20,RPA3,0.5824111822947
162,162,DC,BREJO DE BEBERIBE,2310,11,RPA3,0.4761904761904762
163,163,DC,CABANGA,1240,8,RPA1,0.6451612903225806
164,164,DC,CAJUEIRO,6082,50,RPA2,0.8220979940808945
165,165,DC,CAMPINA DO BARRETO,5284,34,RPA2,0.6434519303557911
166,166,DC,CAMPO GRANDE,13556,97,RPA2,0.7155503098259073
167,167,DC,CASA AMARELA,29913,175,RPA3,0.585029920101628
168,168,DC,CASA FORTE,6657,40,RPA3,0.6008712633318312
169,169,DC,CIDADE UNIVERSITARIA,9191,75,RPA4,0.816015667500816
170,170,DC,COHAB,10911,271,RPA6,2.483732013564293
171,171,DC,CORDEIRO,25710,326,RPA4,1.2679891092959936
172,172,DC,DERBY,1303,10,RPA3,0.7674597083653107
173,173,DC,DOIS IRMAOS,3204,14,RPA3,0.4369538077403246
174,174,DC,DOIS UNIDOS,8347,53,RPA2,0.6349586677848329
175,175,DC,ENCRUZILHADA,6845,92,RPA2,1.3440467494521549
176,176,DC,ENGENHO DO MEIO,17273,756,RPA4,4.376772998321079
177,177,DC,ESPINHEIRO,4403,35,RPA3,0.7949125596184419
178,178,DC,ESTANCIA,16957,521,Fora,3.072477442943917
179,179,DC,FUNDAO,7073,55,RPA2,0.7776049766718507
180,180,DC,GRACAS,16867,129,RPA3,0.7648070196241181
181,181,DC,GUABIRABA,1654,7,RPA3,0.42321644498186217
182,182,DC,HIPODROMO,4114,36,RPA2,0.8750607681088965
183,183,DC,IBURA,67532,5453,RPA6,8.074690517088195
184,184,DC,ILHA DO LEITE,3227,26,RPA1,0.8057018903005888
185,185,DC,ILHA DO RETIRO,985,8,RPA4,0.8121827411167513
186,186,DC,ILHA JOANA BEZERRA,1445,7,RPA1,0.4844290657439446
187,187,DC,IMBIRIBEIRA,37942,732,RPA6,1.929260450160772
188,188,DC,IPSEP,12216,376,RPA6,3.077930582842174
189,189,DC,IPUTINGA,24661,293,RPA4,1.1881107822067232
190,190,DC,JAQUEIRA,658,19,RPA3,2.8875379939209727
191,191,DC,JARDIM SAO PAULO,19866,219,Fora,1.1023859861069163
192,192,DC,JORDAO,21414,537,Fora,2.507705239562903
193,193,DC,LINHA DO TIRO,9196,63,RPA2,0.685080469769465
194,194,DC,MACAXEIRA,11155,76,RPA3,0.681308830121022
195,195,DC,MADALENA,28059,272,RPA4,0.969385936776079
196,196,DC,MANGABEIRA,3094,24,RPA3,0.7756948933419522
197,197,DC,MONTEIRO,2700,18,RPA3,0.6666666666666667
198,198,DC,MORRO DA CONCEICAO,2369,14,RPA3,0.5909666525960321
199,199,DC,MUSTARDINHA,15662,337,RPA5,2.1517047631209296
200,200,DC,NOVA DESCOBERTA,16528,77,RPA3,0.46587608906098743
201,201,DC,PARNAMIRIM,2309,10,RPA3,0.43308791684712
202,202,DC,PASSARINHO,1284,10,RPA3,0.778816199376947
203,203,DC,PINA,19839,197,RPA6,0.9929935984676647
204,204,DC,POCO,576,3,Fora,0.5208333333333333
205,205,DC,PORTO DA MADEIRA,3279,14,RPA2,0.4269594388533089
206,206,DC,ROSARINHO,3823,23,RPA2,0.6016217630133402
207,207,DC,SAN MARTIN,12852,256,RPA5,1.9919078742608156
208,208,DC,SANCHO,2627,22,RPA5,0.8374571754853445
209,209,DC,SANTO AMARO,15928,132,RPA1,0.8287292817679558
210,210,DC,SAO JOSE,8208,48,RPA1,0.5847953216374269
211,211,DC,TAMARINEIRA,6583,64,RPA3,0.9722011241075498
212,212,DC,TEJIPIO,24244,324,RPA5,1.3364131331463456
213,213,DC,TORRE,7610,57,RPA4,0.7490144546649146
214,214,DC,TORREAO,1293,13,RPA2,1.005413766434648
215,215,DC,TORROES,12656,393,RPA4,3.105246523388116
216,216,DC,TOTO,678,7,Fora,1.0324483775811208
217,217,DC,VARZEA,27799,190,RPA4,0.6834778229432714
218,218,DC,VASCO DA GAMA,12407,71,RPA3,0.5722575965180946
219,219,DC,ZUMBI,5039,32,RPA4,0.6350466362373487
220,220,MDB,AFLITOS,2464,208,RPA3,8.441558441558442
221,221,MDB,AFOGADOS,23970,2024,RPA5,8.443888193575303
222,222,MDB,AGUA FRIA,21755,1145,RPA2,5.263157894736842
223,223,MDB,ALTO JOSE BONIFACIO,6111,317,RPA3,5.187367043037146
224,224,MDB,ALTO JOSE DO PINHO,8184,403,RPA3,4.924242424242424
225,225,MDB,ALTO SANTA TEREZINHA,720,24,RPA2,3.3333333333333335
226,226,MDB,APIPUCOS,2141,99,RPA3,4.624007473143391
227,227,MDB,AREIAS,21538,2504,RPA5,11.625963413501719
228,228,MDB,ARRUDA,20390,1343,RPA2,6.586562040215791
229,229,MDB,BARRO,7084,333,RPA5,4.700734048560135
230,230,MDB,BEBERIBE,18722,1156,RPA2,6.174554000640957
231,231,MDB,BOA VIAGEM,62913,4648,RPA6,7.387980226662217
232,232,MDB,BOA VISTA,14400,825,RPA1,5.729166666666666
233,233,MDB,BOMBA DO HEMETERIO,6864,388,RPA2,5.652680652680653
234,234,MDB,BONGI,2782,232,RPA5,8.339324227174695
235,235,MDB,BRASILIA TEIMOSA,9212,1547,RPA6,16.793313069908812
236,236,MDB,BREJO DA GUABIRABA,6364,354,RPA3,5.562539283469516
237,237,MDB,BREJO DE BEBERIBE,2614,206,RPA3,7.880642693190512
238,238,MDB,CABANGA,1491,118,RPA1,7.914151576123407
239,239,MDB,CAJUEIRO,6579,352,RPA2,5.350357197142422
240,240,MDB,CAMPINA DO BARRETO,5940,284,RPA2,4.781144781144781
241,241,MDB,CAMPO GRANDE,17284,1142,RPA2,6.607266836380467
242,242,MDB,CASA AMARELA,43142,2794,RPA3,6.476287608363079
243,243,MDB,CASA FORTE,10157,884,RPA3,8.703357290538545
244,244,MDB,CIDADE UNIVERSITARIA,10950,497,RPA4,4.538812785388128
245,245,MDB,COHAB,10911,1036,RPA6,9.495005040784529
246,246,MDB,CORDEIRO,26903,1215,RPA4,4.5162249563245735
247,247,MDB,CORREGO DO JENIPAPO,56,2,RPA3,3.571428571428571
248,248,MDB,DERBY,1512,145,RPA3,9.58994708994709
249,249,MDB,DOIS IRMAOS,5423,172,RPA3,3.171676193988567
250,250,MDB,DOIS UNIDOS,9367,845,RPA2,9.021031280025623
251,251,MDB,ENCRUZILHADA,7089,497,RPA2,7.010861898716321
252,252,MDB,ENGENHO DO MEIO,17273,646,RPA4,3.7399409483008164
253,253,MDB,ESPINHEIRO,5549,468,RPA3,8.433952063434853
254,254,MDB,ESTANCIA,16957,834,Fora,4.918322816535944
255,255,MDB,FUNDAO,8298,485,RPA2,5.844781875150639
256,256,MDB,GRACAS,21680,1997,RPA3,9.211254612546126
257,257,MDB,GUABIRABA,4763,834,RPA3,17.50997270627756
258,258,MDB,HIPODROMO,5019,296,RPA2,5.897589161187487
259,259,MDB,IBURA,67532,6157,RPA6,9.117159272641118
260,260,MDB,ILHA DO LEITE,3227,179,RPA1,5.54694762937713
261,261,MDB,ILHA DO RETIRO,985,148,RPA4,15.025380710659899
262,262,MDB,ILHA JOANA BEZERRA,1742,144,RPA1,8.266360505166476
263,263,MDB,IMBIRIBEIRA,39390,6417,RPA6,16.29093678598629
264,264,MDB,IPSEP,12429,940,RPA6,7.562957599163248
265,265,MDB,IPUTINGA,26310,944,RPA4,3.587989357658685
266,266,MDB,JAQUEIRA,658,142,RPA3,21.580547112462007
267,267,MDB,JARDIM SAO PAULO,21495,850,Fora,3.9544080018608976
268,268,MDB,JORDAO,21414,1289,Fora,6.019426543382834
269,269,MDB,LINHA DO TIRO,10900,812,RPA2,7.4495412844036695
270,270,MDB,MACAXEIRA,15211,1071,RPA3,7.04095720202485
271,271,MDB,MADALENA,33474,2076,RPA4,6.2018282846388235
272,272,MDB,MANGABEIRA,3837,226,RPA3,5.8900182434193376
273,273,MDB,MONTEIRO,4044,295,RPA3,7.294757665677547
274,274,MDB,MORRO DA CONCEICAO,2937,181,RPA3,6.162751106571331
275,275,MDB,MUSTARDINHA,15662,798,RPA5,5.095134720980718
276,276,MDB,NOVA DESCOBERTA,25012,1848,RPA3,7.388453542299696
277,277,MDB,PARNAMIRIM,4545,320,RPA3,7.04070407040704
278,278,MDB,PASSARINHO,2273,236,RPA3,10.382754069511659
279,279,MDB,PINA,22677,2134,RPA6,9.410415839837722
280,280,MDB,POCO,1311,132,Fora,10.068649885583524
281,281,MDB,PORTO DA MADEIRA,4561,253,RPA2,5.54702916027187
282,282,MDB,ROSARINHO,5358,506,RPA2,9.44382232176185
283,283,MDB,SAN MARTIN,12852,892,RPA5,6.940553999377529
284,284,MDB,SANCHO,3558,462,RPA5,12.984822934232715
285,285,MDB,SANTO AMARO,20199,1039,RPA1,5.143819000940641
286,286,MDB,SAO JOSE,9379,964,RPA1,10.278281266659558
287,287,MDB,TAMARINEIRA,7754,432,RPA3,5.571318029404178
288,288,MDB,TEJIPIO,25915,4354,RPA5,16.80108045533475
289,289,MDB,TORRE,8581,360,RPA4,4.19531523132502
290,290,MDB,TORREAO,1293,74,RPA2,5.723124516627997
291,291,MDB,TORROES,12973,509,RPA4,3.923533492638557
292,292,MDB,TOTO,998,381,Fora,38.17635270541082
293,293,MDB,VARZEA,33806,3315,RPA4,9.805951606223747
294,294,MDB,VASCO DA GAMA,18835,1121,RPA3,5.951685691531723
295,295,MDB,ZUMBI,5963,220,RPA4,3.6894180781485826
296,296,MOBILIZA,AFLITOS,1523,6,RPA3,0.3939592908732764
297,297,MOBILIZA,AFOGADOS,21970,227,RPA5,1.033227127901684
298,298,MOBILIZA,AGUA FRIA,13270,69,RPA2,0.5199698568198945
299,299,MOBILIZA,ALTO JOSE BONIFACIO,3578,19,RPA3,0.5310229178311906
300,300,MOBILIZA,ALTO JOSE DO PINHO,8184,356,RPA3,4.349951124144673
301,301,MOBILIZA,ALTO SANTA TEREZINHA,720,10,RPA2,1.3888888888888888
302,302,MOBILIZA,APIPUCOS,1844,11,RPA3,0.596529284164859
303,303,MOBILIZA,AREIAS,21372,239,RPA5,1.1182856073367022
304,304,MOBILIZA,ARRUDA,15447,109,RPA2,0.7056386353337217
305,305,MOBILIZA,BARRO,6120,42,RPA5,0.6862745098039216
306,306,MOBILIZA,BEBERIBE,14135,83,RPA2,0.5871949062610541
307,307,MOBILIZA,BOA VIAGEM,40791,273,RPA6,0.669265279105685
308,308,MOBILIZA,BOA VISTA,13599,141,RPA1,1.0368409441870725
309,309,MOBILIZA,BOMBA DO HEMETERIO,5883,46,RPA2,0.7819139894611592
310,310,MOBILIZA,BONGI,2537,17,RPA5,0.6700827749310209
311,311,MOBILIZA,BRASILIA TEIMOSA,5674,31,RPA6,0.5463517800493479
312,312,MOBILIZA,BREJO DA GUABIRABA,4835,22,RPA3,0.4550155118924508
313,313,MOBILIZA,BREJO DE BEBERIBE,2283,18,RPA3,0.7884362680683311
314,314,MOBILIZA,CABANGA,1250,20,RPA1,1.6
315,315,MOBILIZA,CAJUEIRO,5229,44,RPA2,0.8414610824249378
316,316,MOBILIZA,CAMPINA DO BARRETO,4628,36,RPA2,0.7778738115816767
317,317,MOBILIZA,CAMPO GRANDE,13562,96,RPA2,0.7078601976109719
318,318,MOBILIZA,CASA AMARELA,38180,420,RPA3,1.1000523834468308
319,319,MOBILIZA,CASA FORTE,6664,41,RPA3,0.6152460984393757
320,320,MOBILIZA,CIDADE UNIVERSITARIA,7411,47,RPA4,0.6341924166779112
321,321,MOBILIZA,COHAB,8969,73,RPA6,0.8139145947151298
322,322,MOBILIZA,CORDEIRO,23640,198,RPA4,0.8375634517766498
323,323,MOBILIZA,DERBY,862,8,RPA3,0.9280742459396751
324,324,MOBILIZA,DOIS IRMAOS,3187,16,RPA3,0.5020395356134295
325,325,MOBILIZA,DOIS UNIDOS,7016,42,RPA2,0.5986316989737742
326,326,MOBILIZA,ENCRUZILHADA,6067,54,RPA2,0.8900609856601285
327,327,MOBILIZA,ENGENHO DO MEIO,14580,108,RPA4,0.7407407407407408
328,328,MOBILIZA,ESPINHEIRO,4705,36,RPA3,0.7651434643995749
329,329,MOBILIZA,ESTANCIA,16314,195,Fora,1.1952923869069512
330,330,MOBILIZA,FUNDAO,6366,41,RPA2,0.6440464970153943
331,331,MOBILIZA,GRACAS,12878,78,RPA3,0.6056841124398199
332,332,MOBILIZA,GUABIRABA,3333,17,RPA3,0.51005100510051
333,333,MOBILIZA,HIPODROMO,2804,16,RPA2,0.5706134094151213
334,334,MOBILIZA,IBURA,48088,316,RPA6,0.6571285975711196
335,335,MOBILIZA,ILHA DO LEITE,3227,76,RPA1,2.3551286024171056
336,336,MOBILIZA,ILHA DO RETIRO,985,4,RPA4,0.40609137055837563
337,337,MOBILIZA,ILHA JOANA BEZERRA,1742,15,RPA1,0.8610792192881744
338,338,MOBILIZA,IMBIRIBEIRA,29478,237,RPA6,0.8039894158355383
339,339,MOBILIZA,IPSEP,9488,71,RPA6,0.7483136593591905
340,340,MOBILIZA,IPUTINGA,22812,206,RPA4,0.9030334911450114
341,341,MOBILIZA,JAQUEIRA,658,4,RPA3,0.60790273556231
342,342,MOBILIZA,JARDIM SAO PAULO,18022,151,Fora,0.8378648318721562
343,343,MOBILIZA,JORDAO,16570,126,Fora,0.76041038020519
344,344,MOBILIZA,LINHA DO TIRO,5991,30,RPA2,0.5007511266900351
345,345,MOBILIZA,MACAXEIRA,13770,93,RPA3,0.6753812636165577
346,346,MOBILIZA,MADALENA,23378,169,RPA4,0.7229018735563351
347,347,MOBILIZA,MANGABEIRA,3628,32,RPA3,0.8820286659316428
348,348,MOBILIZA,MONTEIRO,3521,37,RPA3,1.050837830161886
349,349,MOBILIZA,MORRO DA CONCEICAO,2937,36,RPA3,1.2257405515832482
350,350,MOBILIZA,MUSTARDINHA,11332,84,RPA5,0.7412636780797741
351,351,MOBILIZA,NOVA DESCOBERTA,18621,123,RPA3,0.6605445464797809
352,352,MOBILIZA,PARNAMIRIM,2549,20,RPA3,0.7846214201647704
353,353,MOBILIZA,PASSARINHO,1956,20,RPA3,1.0224948875255624
354,354,MOBILIZA,PINA,18409,153,RPA6,0.8311152153837797
355,355,MOBILIZA,POCO,567,3,Fora,0.5291005291005291
356,356,MOBILIZA,PORTO DA MADEIRA,1941,11,RPA2,0.5667181865018033
357,357,MOBILIZA,ROSARINHO,2061,11,RPA2,0.5337214944201845
358,358,MOBILIZA,SAN MARTIN,11864,150,RPA5,1.2643290627107215
359,359,MOBILIZA,SANCHO,1184,5,RPA5,0.4222972972972973
360,360,MOBILIZA,SANTO AMARO,11547,68,RPA1,0.5888975491469646
361,361,MOBILIZA,SAO JOSE,9379,156,RPA1,1.6632903294594306
362,362,MOBILIZA,TAMARINEIRA,6683,54,RPA3,0.8080203501421517
363,363,MOBILIZA,TEJIPIO,20139,206,RPA5,1.0228909081880926
364,364,MOBILIZA,TORRE,3196,15,RPA4,0.46933667083854824
365,365,MOBILIZA,TORREAO,1086,6,RPA2,0.5524861878453038
366,366,MOBILIZA,TORROES,10839,89,RPA4,0.8211089583909955
367,367,MOBILIZA,TOTO,320,1,Fora,0.3125
368,368,MOBILIZA,VARZEA,21620,114,RPA4,0.5272895467160037
369,369,MOBILIZA,VASCO DA GAMA,16737,148,RPA3,0.8842683874051502
370,370,MOBILIZA,ZUMBI,3479,15,RPA4,0.4311583788444955
371,371,NOVO,AFLITOS,9856,580,RPA3,5.88474025974026
372,372,NOVO,AFOGADOS,76998,1704,RPA5,2.213044494662199
373,373,NOVO,AGUA FRIA,66284,909,RPA2,1.3713716734053467
374,374,NOVO,ALTO JOSE BONIFACIO,14082,109,RPA3,0.774037778724613
375,375,NOVO,ALTO JOSE DO PINHO,24555,340,RPA3,1.3846467114640602
376,376,NOVO,ALTO SANTA TEREZINHA,720,11,RPA2,1.5277777777777777
377,377,NOVO,APIPUCOS,8564,214,RPA3,2.4988323213451658
378,378,NOVO,AREIAS,71902,2418,RPA5,3.362910628355261
379,379,NOVO,ARRUDA,69803,1590,RPA2,2.277839061358394
380,380,NOVO,BARRO,24409,888,RPA5,3.6380023761727234
381,381,NOVO,BEBERIBE,53252,710,RPA2,1.3332832569668747
382,382,NOVO,BOA VIAGEM,247422,11869,RPA6,4.797067358601903
383,383,NOVO,BOA VISTA,54096,1507,RPA1,2.7857882283348125
384,384,NOVO,BOMBA DO HEMETERIO,18657,188,RPA2,1.0076646834968108
385,385,NOVO,BONGI,8617,250,RPA5,2.9012417314610652
386,386,NOVO,BRASILIA TEIMOSA,32714,753,RPA6,2.3017668276578833
387,387,NOVO,BREJO DA GUABIRABA,17096,121,RPA3,0.7077678989237248
388,388,NOVO,BREJO DE BEBERIBE,5494,56,RPA3,1.0192937750273026
389,389,NOVO,CABANGA,3705,66,RPA1,1.7813765182186234
390,390,NOVO,CAJUEIRO,21504,814,RPA2,3.785342261904762
391,391,NOVO,CAMPINA DO BARRETO,19779,374,RPA2,1.8908943829313918
392,392,NOVO,CAMPO GRANDE,59002,1221,RPA2,2.0694213755465913
393,393,NOVO,CASA AMARELA,147296,3651,RPA3,2.478682381055833
394,394,NOVO,CASA FORTE,40628,2110,RPA3,5.193462636605297
395,395,NOVO,CIDADE UNIVERSITARIA,38196,1055,RPA4,2.7620693266310608
396,396,NOVO,COHAB,25161,546,RPA6,2.170025038750447
397,397,NOVO,CORDEIRO,102263,3353,RPA4,3.278800739270313
398,398,NOVO,CORREGO DO JENIPAPO,56,1,RPA3,1.7857142857142856
399,399,NOVO,DERBY,6048,326,RPA3,5.39021164021164
400,400,NOVO,DOIS IRMAOS,17813,174,RPA3,0.9768146859035536
401,401,NOVO,DOIS UNIDOS,24385,262,RPA2,1.0744310026655732
402,402,NOVO,ENCRUZILHADA,26898,1072,RPA2,3.9854264257565615
403,403,NOVO,ENGENHO DO MEIO,61904,1931,RPA4,3.1193460842594987
404,404,NOVO,ESPINHEIRO,22196,930,RPA3,4.189944134078212
405,405,NOVO,ESTANCIA,54091,1467,Fora,2.7120962821911223
406,406,NOVO,FUNDAO,27081,557,RPA2,2.056792585207341
407,407,NOVO,GRACAS,86720,5106,RPA3,5.887915129151292
408,408,NOVO,GUABIRABA,9172,84,RPA3,0.9158307893589185
409,409,NOVO,HIPODROMO,19125,408,RPA2,2.1333333333333333
410,410,NOVO,IBURA,173525,4585,RPA6,2.6422705662008354
411,411,NOVO,ILHA DO LEITE,7747,85,RPA1,1.0971989157093067
412,412,NOVO,ILHA DO RETIRO,3376,66,RPA4,1.9549763033175356
413,413,NOVO,ILHA JOANA BEZERRA,2660,26,RPA1,0.9774436090225564
414,414,NOVO,IMBIRIBEIRA,140412,6908,RPA6,4.919807423866906
415,415,NOVO,IPSEP,40476,2033,RPA6,5.022729518727147
416,416,NOVO,IPUTINGA,92169,2236,RPA4,2.42597836582799
417,417,NOVO,JAQUEIRA,2632,92,RPA3,3.4954407294832825
418,418,NOVO,JARDIM SAO PAULO,75168,1783,Fora,2.3720200085142618
419,419,NOVO,JORDAO,63195,1330,Fora,2.104596882664768
420,420,NOVO,LINHA DO TIRO,35449,367,RPA2,1.035290135123699
421,421,NOVO,MACAXEIRA,46780,663,RPA3,1.417272338606242
422,422,NOVO,MADALENA,128010,6470,RPA4,5.054292633388017
423,423,NOVO,MANGABEIRA,8466,158,RPA3,1.8662886841483581
424,424,NOVO,MONTEIRO,15372,432,RPA3,2.810304449648712
425,425,NOVO,MORRO DA CONCEICAO,5982,58,RPA3,0.9695753928452023
426,426,NOVO,MUSTARDINHA,50174,1008,RPA5,2.009008649898354
427,427,NOVO,NOVA DESCOBERTA,77521,915,RPA3,1.180325331200578
428,428,NOVO,PARNAMIRIM,18180,934,RPA3,5.137513751375137
429,429,NOVO,PASSARINHO,6164,80,RPA3,1.2978585334198574
430,430,NOVO,PINA,78822,1728,RPA6,2.1922813427723224
431,431,NOVO,POCO,5244,256,Fora,4.881769641495042
432,432,NOVO,PORTO DA MADEIRA,17236,420,RPA2,2.4367602692039916
433,433,NOVO,ROSARINHO,21432,1188,RPA2,5.543113101903695
434,434,NOVO,SAN MARTIN,47079,1194,RPA5,2.5361626202765564
435,435,NOVO,SANCHO,12495,264,RPA5,2.112845138055222
436,436,NOVO,SANTO AMARO,54260,894,RPA1,1.6476225580538149
437,437,NOVO,SAO JOSE,25753,278,RPA1,1.0794858851395954
438,438,NOVO,TAMARINEIRA,28103,841,RPA3,2.992563071558197
439,439,NOVO,TEJIPIO,81022,1678,RPA5,2.0710424329194543
440,440,NOVO,TORRE,33349,2248,RPA4,6.740831809049746
441,441,NOVO,TORREAO,5172,118,RPA2,2.2815158546017016
442,442,NOVO,TORROES,45622,1121,RPA4,2.457147867257025
443,443,NOVO,TOTO,661,9,Fora,1.361573373676248
444,444,NOVO,VARZEA,104098,1742,RPA4,1.6734231205210475
445,445,NOVO,VASCO DA GAMA,60106,1005,RPA3,1.6720460519748446
446,446,NOVO,ZUMBI,20933,868,RPA4,4.146562843357379
447,447,PC do B,AFLITOS,2464,134,RPA3,5.438311688311688
448,448,PC do B,AFOGADOS,23353,276,RPA5,1.1818610028690104
449,449,PC do B,AGUA FRIA,21755,960,RPA2,4.412778671569754
450,450,PC do B,ALTO JOSE BONIFACIO,6111,125,RPA3,2.0454917362133855
451,451,PC do B,ALTO JOSE DO PINHO,8184,95,RPA3,1.1608015640273706
452,452,PC do B,ALTO SANTA TEREZINHA,720,15,RPA2,2.083333333333333
453,453,PC do B,APIPUCOS,2141,37,RPA3,1.7281644091546005
454,454,PC do B,AREIAS,21538,855,RPA5,3.9697279227412015
455,455,PC do B,ARRUDA,20390,651,RPA2,3.1927415399705743
456,456,PC do B,BARRO,6741,123,RPA5,1.8246550956831329
457,457,PC do B,BEBERIBE,18476,365,RPA2,1.9755358302662913
458,458,PC do B,BOA VIAGEM,62627,1232,RPA6,1.967202644226931
459,459,PC do B,BOA VISTA,14122,515,RPA1,3.6467922390596237
460,460,PC do B,BOMBA DO HEMETERIO,6549,126,RPA2,1.9239578561612463
461,461,PC do B,BONGI,2782,50,RPA5,1.7972681524083391
462,462,PC do B,BRASILIA TEIMOSA,8667,80,RPA6,0.9230414214837892
463,463,PC do B,BREJO DA GUABIRABA,4520,31,RPA3,0.6858407079646017
464,464,PC do B,BREJO DE BEBERIBE,2614,41,RPA3,1.5684774292272379
465,465,PC do B,CABANGA,1491,25,RPA1,1.676727028839705
466,466,PC do B,CAJUEIRO,6579,138,RPA2,2.097583219334245
467,467,PC do B,CAMPINA DO BARRETO,5940,166,RPA2,2.7946127946127945
468,468,PC do B,CAMPO GRANDE,17284,599,RPA2,3.4656329553344136
469,469,PC do B,CASA AMARELA,42752,911,RPA3,2.130894461077844
470,470,PC do B,CASA FORTE,10157,440,RPA3,4.331987791670769
471,471,PC do B,CIDADE UNIVERSITARIA,10950,258,RPA4,2.356164383561644
472,472,PC do B,COHAB,10608,102,RPA6,0.9615384615384616
473,473,PC do B,CORDEIRO,26034,388,RPA4,1.4903587616194207
474,474,PC do B,CORREGO DO JENIPAPO,56,2,RPA3,3.571428571428571
475,475,PC do B,DERBY,1512,61,RPA3,4.034391534391534
476,476,PC do B,DOIS IRMAOS,5423,61,RPA3,1.1248386501936198
477,477,PC do B,DOIS UNIDOS,9367,164,RPA2,1.7508273726913632
478,478,PC do B,ENCRUZILHADA,7089,249,RPA2,3.5124841303427847
479,479,PC do B,ENGENHO DO MEIO,16960,232,RPA4,1.3679245283018868
480,480,PC do B,ESPINHEIRO,5549,206,RPA3,3.7123806091187603
481,481,PC do B,ESTANCIA,16957,252,Fora,1.4861119301763284
482,482,PC do B,FUNDAO,8298,227,RPA2,2.735598939503495
483,483,PC do B,GRACAS,21680,904,RPA3,4.169741697416974
484,484,PC do B,GUABIRABA,4334,37,RPA3,0.8537148131056761
485,485,PC do B,HIPODROMO,5019,157,RPA2,3.128113169954174
486,486,PC do B,IBURA,63955,676,RPA6,1.0569931983425847
487,487,PC do B,ILHA DO LEITE,2568,35,RPA1,1.3629283489096573
488,488,PC do B,ILHA DO RETIRO,985,14,RPA4,1.4213197969543148
489,489,PC do B,ILHA JOANA BEZERRA,1464,13,RPA1,0.8879781420765027
490,490,PC do B,IMBIRIBEIRA,37176,601,RPA6,1.6166343877770606
491,491,PC do B,IPSEP,12178,292,RPA6,2.3977664641156182
492,492,PC do B,IPUTINGA,25978,382,RPA4,1.4704750173223498
493,493,PC do B,JAQUEIRA,658,36,RPA3,5.47112462006079
494,494,PC do B,JARDIM SAO PAULO,21245,330,Fora,1.5533066603906802
495,495,PC do B,JORDAO,18684,187,Fora,1.000856347677157
496,496,PC do B,LINHA DO TIRO,10900,226,RPA2,2.073394495412844
497,497,PC do B,MACAXEIRA,14607,158,RPA3,1.0816731703977545
498,498,PC do B,MADALENA,32582,832,RPA4,2.553557178810386
499,499,PC do B,MANGABEIRA,3837,55,RPA3,1.4334115194162107
500,500,PC do B,MONTEIRO,4044,83,RPA3,2.0524233432245302
501,501,PC do B,MORRO DA CONCEICAO,2937,33,RPA3,1.1235955056179776
502,502,PC do B,MUSTARDINHA,13222,149,RPA5,1.1269096959612768
503,503,PC do B,NOVA DESCOBERTA,25012,354,RPA3,1.4153206460898768
504,504,PC do B,PARNAMIRIM,4545,218,RPA3,4.796479647964796
505,505,PC do B,PASSARINHO,2273,32,RPA3,1.4078310602727673
506,506,PC do B,PINA,20583,245,RPA6,1.1903026769664287
507,507,PC do B,POCO,1311,53,Fora,4.0427154843630815
508,508,PC do B,PORTO DA MADEIRA,4561,88,RPA2,1.9294014470510854
509,509,PC do B,ROSARINHO,5358,203,RPA2,3.788727136991415
510,510,PC do B,SAN MARTIN,11996,161,RPA5,1.342114038012671
511,511,PC do B,SANCHO,2963,26,RPA5,0.8774890313871078
512,512,PC do B,SANTO AMARO,20199,564,RPA1,2.792217436506758
513,513,PC do B,SAO JOSE,8124,87,RPA1,1.0709010339734122
514,514,PC do B,TAMARINEIRA,7754,196,RPA3,2.527727624451896
515,515,PC do B,TEJIPIO,23435,334,RPA5,1.4252186899935995
516,516,PC do B,TORRE,8264,114,RPA4,1.3794772507260407
517,517,PC do B,TORREAO,1293,56,RPA2,4.331013147718484
518,518,PC do B,TORROES,11710,114,RPA4,0.9735269000853971
519,519,PC do B,TOTO,678,3,Fora,0.4424778761061947
520,520,PC do B,VARZEA,33155,507,RPA4,1.5291811189865783
521,521,PC do B,VASCO DA GAMA,18835,234,RPA3,1.2423679320414123
522,522,PC do B,ZUMBI,5963,96,RPA4,1.6099278886466544
523,523,PCO,AFOGADOS,982,3,RPA5,0.30549898167006106
524,524,PCO,AGUA FRIA,663,2,RPA2,0.301659125188537
525,525,PCO,ALTO JOSE BONIFACIO,205,1,RPA3,0.4878048780487805
526,526,PCO,AREIAS,978,3,RPA5,0.3067484662576687
527,527,PCO,ARRUDA,1595,6,RPA2,0.3761755485893417
528,528,PCO,BARRO,1292,4,RPA5,0.30959752321981426
529,529,PCO,BEBERIBE,617,2,RPA2,0.3241491085899514
530,530,PCO,BOA VIAGEM,11679,47,RPA6,0.4024317150440962
531,531,PCO,BOA VISTA,2444,11,RPA1,0.4500818330605565
532,532,PCO,BOMBA DO HEMETERIO,317,1,RPA2,0.31545741324921134
533,533,PCO,BONGI,244,1,RPA5,0.4098360655737705
534,534,PCO,BREJO DE BEBERIBE,331,1,RPA3,0.3021148036253776
535,535,PCO,CAJUEIRO,2943,10,RPA2,0.33978933061501865
536,536,PCO,CAMPINA DO BARRETO,320,1,RPA2,0.3125
537,537,PCO,CASA AMARELA,4700,16,RPA3,0.3404255319148936
538,538,PCO,CASA FORTE,1174,4,RPA3,0.34071550255536626
539,539,PCO,CIDADE UNIVERSITARIA,1765,7,RPA4,0.39660056657223797
540,540,PCO,COHAB,317,1,RPA6,0.31545741324921134
541,541,PCO,CORDEIRO,613,2,RPA4,0.3262642740619902
542,542,PCO,DOIS IRMAOS,292,1,RPA3,0.3424657534246575
543,543,PCO,DOIS UNIDOS,1404,4,RPA2,0.2849002849002849
544,544,PCO,ENCRUZILHADA,917,3,RPA2,0.3271537622682661
545,545,PCO,ENGENHO DO MEIO,1543,6,RPA4,0.38885288399222295
546,546,PCO,ESPINHEIRO,723,3,RPA3,0.4149377593360996
547,547,PCO,ESTANCIA,321,1,Fora,0.3115264797507788
548,548,PCO,FUNDAO,504,2,RPA2,0.3968253968253968
549,549,PCO,GRACAS,3589,13,RPA3,0.3622178879910839
550,550,PCO,GUABIRABA,330,1,RPA3,0.30303030303030304
551,551,PCO,IBURA,953,3,RPA6,0.3147953830010493
552,552,PCO,IMBIRIBEIRA,3114,12,RPA6,0.3853564547206166
553,553,PCO,IPSEP,415,2,RPA6,0.48192771084337355
554,554,PCO,IPUTINGA,2237,9,RPA4,0.4023245417970496
555,555,PCO,JARDIM SAO PAULO,325,1,Fora,0.3076923076923077
556,556,PCO,JORDAO,315,1,Fora,0.31746031746031744
557,557,PCO,MADALENA,1882,14,RPA4,0.7438894792773645
558,558,PCO,MONTEIRO,268,1,RPA3,0.3731343283582089
559,559,PCO,MORRO DA CONCEICAO,349,1,RPA3,0.28653295128939826
560,560,PCO,MUSTARDINHA,521,2,RPA5,0.3838771593090211
561,561,PCO,PARNAMIRIM,430,2,RPA3,0.46511627906976744
562,562,PCO,PINA,3030,10,RPA6,0.33003300330033003
563,563,PCO,PORTO DA MADEIRA,329,1,RPA2,0.303951367781155
564,564,PCO,ROSARINHO,320,1,RPA2,0.3125
565,565,PCO,SAN MARTIN,636,2,RPA5,0.3144654088050315
566,566,PCO,SANTO AMARO,3012,14,RPA1,0.46480743691899074
567,567,PCO,SAO JOSE,320,1,RPA1,0.3125
568,568,PCO,TAMARINEIRA,1252,4,RPA3,0.3194888178913738
569,569,PCO,TEJIPIO,961,4,RPA5,0.41623309053069724
570,570,PCO,TORRE,1611,5,RPA4,0.31036623215394166
571,571,PCO,TORROES,695,2,RPA4,0.28776978417266186
572,572,PCO,VARZEA,626,2,RPA4,0.3194888178913738
573,573,PCO,VASCO DA GAMA,325,1,RPA3,0.3076923076923077
574,574,PL,AFLITOS,9856,1606,RPA3,16.294642857142858
575,575,PL,AFOGADOS,95880,12118,RPA5,12.63871506049228
576,576,PL,AGUA FRIA,87020,6072,RPA2,6.977706274419673
577,577,PL,ALTO JOSE BONIFACIO,24444,1580,RPA3,6.4637538864343
578,578,PL,ALTO JOSE DO PINHO,32736,2482,RPA3,7.581867057673509
579,579,PL,ALTO SANTA TEREZINHA,2880,194,RPA2,6.736111111111111
580,580,PL,APIPUCOS,8564,682,RPA3,7.963568425969174
581,581,PL,AREIAS,86152,9890,RPA5,11.479710279505989
582,582,PL,ARRUDA,81560,7670,RPA2,9.404119666503188
583,583,PL,BARRO,28336,3226,RPA5,11.38481084133258
584,584,PL,BEBERIBE,74888,6198,RPA2,8.276359363315885
585,585,PL,BOA VIAGEM,251652,57500,RPA6,22.849013717355714
586,586,PL,BOA VISTA,57600,7300,RPA1,12.67361111111111
587,587,PL,BOMBA DO HEMETERIO,27456,1798,RPA2,6.548659673659674
588,588,PL,BONGI,11128,1290,RPA5,11.59237958303379
589,589,PL,BRASILIA TEIMOSA,36848,4298,RPA6,11.664133738601825
590,590,PL,BREJO DA GUABIRABA,25864,1700,RPA3,6.572842561088772
591,591,PL,BREJO DE BEBERIBE,10456,728,RPA3,6.962509563886764
592,592,PL,CABANGA,5964,564,RPA1,9.456740442655935
593,593,PL,CAJUEIRO,26316,2812,RPA2,10.685514515883874
594,594,PL,CAMPINA DO BARRETO,23760,1818,RPA2,7.6515151515151505
595,595,PL,CAMPO GRANDE,69136,5990,RPA2,8.664082388336034
596,596,PL,CASA AMARELA,172568,19440,RPA3,11.265124472671642
597,597,PL,CASA FORTE,40628,6946,RPA3,17.096583636900657
598,598,PL,CIDADE UNIVERSITARIA,43800,4282,RPA4,9.776255707762557
599,599,PL,COHAB,43644,4068,RPA6,9.320868847951608
600,600,PL,CORDEIRO,107612,10642,RPA4,9.889231684198787
601,601,PL,CORREGO DO JENIPAPO,224,10,RPA3,4.464285714285714
602,602,PL,DERBY,6048,1154,RPA3,19.080687830687832
603,603,PL,DOIS IRMAOS,21692,1418,RPA3,6.536972155633414
604,604,PL,DOIS UNIDOS,37468,3136,RPA2,8.369808903597736
605,605,PL,ENCRUZILHADA,28356,4612,RPA2,16.264635350543095
606,606,PL,ENGENHO DO MEIO,69092,6166,RPA4,8.924332773693047
607,607,PL,ESPINHEIRO,22196,3554,RPA3,16.011894034961255
608,608,PL,ESTANCIA,67828,7170,Fora,10.570855693813765
609,609,PL,FUNDAO,33192,3116,RPA2,9.387804290190408
610,610,PL,GRACAS,86720,17342,RPA3,19.997693726937268
611,611,PL,GUABIRABA,19052,1416,RPA3,7.432290573168171
612,612,PL,HIPODROMO,20076,2282,RPA2,11.366806136680614
613,613,PL,IBURA,270128,25816,RPA6,9.556950778890009
614,614,PL,ILHA DO LEITE,12908,928,RPA1,7.189339944220638
615,615,PL,ILHA DO RETIRO,3940,414,RPA4,10.50761421319797
616,616,PL,ILHA JOANA BEZERRA,6968,452,RPA1,6.486796785304248
617,617,PL,IMBIRIBEIRA,157560,24208,RPA6,15.364305661335365
618,618,PL,IPSEP,49716,6928,RPA6,13.935151661436961
619,619,PL,IPUTINGA,105240,8674,RPA4,8.242113264918283
620,620,PL,JAQUEIRA,2632,262,RPA3,9.954407294832828
621,621,PL,JARDIM SAO PAULO,85980,9594,Fora,11.15840893230984
622,622,PL,JORDAO,85656,7796,Fora,9.101522368543943
623,623,PL,LINHA DO TIRO,43600,3510,RPA2,8.05045871559633
624,624,PL,MACAXEIRA,60844,5206,RPA3,8.556307935047005
625,625,PL,MADALENA,133896,18040,RPA4,13.47314333512577
626,626,PL,MANGABEIRA,15348,1382,RPA3,9.004430544696378
627,627,PL,MONTEIRO,16176,1930,RPA3,11.931256181998021
628,628,PL,MORRO DA CONCEICAO,11748,1174,RPA3,9.993190330268982
629,629,PL,MUSTARDINHA,62648,7224,RPA5,11.531094368535308
630,630,PL,NOVA DESCOBERTA,100048,7590,RPA3,7.58635854789701
631,631,PL,PARNAMIRIM,18180,3296,RPA3,18.12981298129813
632,632,PL,PASSARINHO,9092,584,RPA3,6.423229212494501
633,633,PL,PINA,90708,13174,RPA6,14.523526039599593
634,634,PL,POCO,5244,812,Fora,15.484363081617087
635,635,PL,PORTO DA MADEIRA,18244,1700,RPA2,9.318131988598992
636,636,PL,ROSARINHO,21432,3910,RPA2,18.24374766703994
637,637,PL,SAN MARTIN,51408,5946,RPA5,11.566293183940243
638,638,PL,SANCHO,14232,1518,RPA5,10.66610455311973
639,639,PL,SANTO AMARO,80796,6980,RPA1,8.639041536709739
640,640,PL,SAO JOSE,37516,2954,RPA1,7.873973771190959
641,641,PL,TAMARINEIRA,31016,3822,RPA3,12.322672169202992
642,642,PL,TEJIPIO,103660,10586,RPA5,10.212232297896971
643,643,PL,TORRE,34324,3178,RPA4,9.258827642465912
644,644,PL,TORREAO,5172,534,RPA2,10.324825986078887
645,645,PL,TORROES,51892,4394,RPA4,8.467586525861405
646,646,PL,TOTO,3992,574,Fora,14.37875751503006
647,647,PL,VARZEA,135224,11236,RPA4,8.309175885937407
648,648,PL,VASCO DA GAMA,75340,6290,RPA3,8.348818688611628
649,649,PL,ZUMBI,23852,2456,RPA4,10.296830454469227
650,650,PP,AFLITOS,2464,41,RPA3,1.6639610389610389
651,651,PP,AFOGADOS,23970,980,RPA5,4.088443888193575
652,652,PP,AGUA FRIA,21755,676,RPA2,3.1073316478970354
653,653,PP,ALTO JOSE BONIFACIO,6111,189,RPA3,3.0927835051546393
654,654,PP,ALTO JOSE DO PINHO,8184,195,RPA3,2.3826979472140764
655,655,PP,ALTO SANTA TEREZINHA,720,25,RPA2,3.4722222222222223
656,656,PP,APIPUCOS,2141,68,RPA3,3.1760859411489957
657,657,PP,AREIAS,21538,1040,RPA5,4.828674900176432
658,658,PP,ARRUDA,20390,596,RPA2,2.9230014713094654
659,659,PP,BARRO,7084,250,RPA5,3.5290796160361375
660,660,PP,BEBERIBE,18722,1442,RPA2,7.702168571733789
661,661,PP,BOA VIAGEM,62230,1702,RPA6,2.7350152659488995
662,662,PP,BOA VISTA,14400,390,RPA1,2.7083333333333335
663,663,PP,BOMBA DO HEMETERIO,6864,180,RPA2,2.6223776223776225
664,664,PP,BONGI,2782,96,RPA5,3.4507548526240113
665,665,PP,BRASILIA TEIMOSA,9212,281,RPA6,3.050369083803734
666,666,PP,BREJO DA GUABIRABA,6466,733,RPA3,11.336220228889577
667,667,PP,BREJO DE BEBERIBE,2614,317,RPA3,12.12700841622035
668,668,PP,CABANGA,1491,35,RPA1,2.3474178403755865
669,669,PP,CAJUEIRO,6579,355,RPA2,5.395956832345341
670,670,PP,CAMPINA DO BARRETO,5940,244,RPA2,4.107744107744108
671,671,PP,CAMPO GRANDE,17284,460,RPA2,2.661420967368665
672,672,PP,CASA AMARELA,43142,1933,RPA3,4.480552593760141
673,673,PP,CASA FORTE,10157,174,RPA3,1.7131042630698041
674,674,PP,CIDADE UNIVERSITARIA,10950,246,RPA4,2.246575342465753
675,675,PP,COHAB,10911,411,RPA6,3.7668408028594995
676,676,PP,CORDEIRO,26903,857,RPA4,3.185518343679144
677,677,PP,CORREGO DO JENIPAPO,56,5,RPA3,8.928571428571429
678,678,PP,DERBY,1512,26,RPA3,1.7195767195767195
679,679,PP,DOIS IRMAOS,5423,166,RPA3,3.061036326756408
680,680,PP,DOIS UNIDOS,9367,1541,RPA2,16.451371837301163
681,681,PP,ENCRUZILHADA,7089,176,RPA2,2.482719706587671
682,682,PP,ENGENHO DO MEIO,17273,659,RPA4,3.8152029178486653
683,683,PP,ESPINHEIRO,5549,110,RPA3,1.9823391602090468
684,684,PP,ESTANCIA,16679,639,Fora,3.8311649379459203
685,685,PP,FUNDAO,8298,345,RPA2,4.1576283441793205
686,686,PP,GRACAS,21250,385,RPA3,1.811764705882353
687,687,PP,GUABIRABA,4763,542,RPA3,11.379382741969348
688,688,PP,HIPODROMO,5019,127,RPA2,2.53038453875274
689,689,PP,IBURA,67532,2725,RPA6,4.035124089320618
690,690,PP,ILHA DO LEITE,3227,91,RPA1,2.8199566160520604
691,691,PP,ILHA DO RETIRO,985,30,RPA4,3.0456852791878175
692,692,PP,ILHA JOANA BEZERRA,1742,37,RPA1,2.123995407577497
693,693,PP,IMBIRIBEIRA,39390,1294,RPA6,3.285097740543285
694,694,PP,IPSEP,12429,495,RPA6,3.982621288921072
695,695,PP,IPUTINGA,26310,1046,RPA4,3.975674648422653
696,696,PP,JAQUEIRA,658,21,RPA3,3.1914893617021276
697,697,PP,JARDIM SAO PAULO,21495,1460,Fora,6.7922772737846016
698,698,PP,JORDAO,21414,877,Fora,4.095451573736808
699,699,PP,LINHA DO TIRO,10900,695,RPA2,6.376146788990826
700,700,PP,MACAXEIRA,15211,1118,RPA3,7.3499441193872865
701,701,PP,MADALENA,33474,856,RPA4,2.5572085797932727
702,702,PP,MANGABEIRA,3837,135,RPA3,3.5183737294761532
703,703,PP,MONTEIRO,4044,99,RPA3,2.4480712166172105
704,704,PP,MORRO DA CONCEICAO,2937,100,RPA3,3.4048348655090233
705,705,PP,MUSTARDINHA,15662,629,RPA5,4.016089899118887
706,706,PP,NOVA DESCOBERTA,25012,2255,RPA3,9.015672477210938
707,707,PP,PARNAMIRIM,4244,81,RPA3,1.9085768143261077
708,708,PP,PASSARINHO,2273,231,RPA3,10.162780466344039
709,709,PP,PINA,22677,645,RPA6,2.844291572959386
710,710,PP,POCO,1311,20,Fora,1.5255530129672006
711,711,PP,PORTO DA MADEIRA,4561,198,RPA2,4.341153255864942
712,712,PP,ROSARINHO,5358,95,RPA2,1.773049645390071
713,713,PP,SAN MARTIN,12852,526,RPA5,4.0927482103952695
714,714,PP,SANCHO,3558,84,RPA5,2.360876897133221
715,715,PP,SANTO AMARO,20199,523,RPA1,2.5892370909450966
716,716,PP,SAO JOSE,9379,306,RPA1,3.262607953939652
717,717,PP,TAMARINEIRA,7754,209,RPA3,2.6953830281145215
718,718,PP,TEJIPIO,25915,904,RPA5,3.4883272236156664
719,719,PP,TORRE,8581,287,RPA4,3.344598531639669
720,720,PP,TORREAO,1293,30,RPA2,2.320185614849188
721,721,PP,TORROES,12973,581,RPA4,4.478532336390966
722,722,PP,TOTO,998,22,Fora,2.2044088176352705
723,723,PP,VARZEA,33806,1064,RPA4,3.147370289297758
724,724,PP,VASCO DA GAMA,18835,1090,RPA3,5.78709848685957
725,725,PP,ZUMBI,5963,222,RPA4,3.722958242495388
726,726,PRD,AFLITOS,2464,33,RPA3,1.3392857142857142
727,727,PRD,AFOGADOS,23970,1646,RPA5,6.8669169795577805
728,728,PRD,AGUA FRIA,21755,467,RPA2,2.146632957940703
729,729,PRD,ALTO JOSE BONIFACIO,6111,479,RPA3,7.838324333169694
730,730,PRD,ALTO JOSE DO PINHO,8184,468,RPA3,5.718475073313782
731,731,PRD,ALTO SANTA TEREZINHA,720,54,RPA2,7.5
732,732,PRD,APIPUCOS,2141,141,RPA3,6.585707613264829
733,733,PRD,AREIAS,20832,299,RPA5,1.4352918586789554
734,734,PRD,ARRUDA,20390,630,RPA2,3.089749877390878
735,735,PRD,BARRO,5779,43,RPA5,0.7440733690949991
736,736,PRD,BEBERIBE,18722,424,RPA2,2.264715308193569
737,737,PRD,BOA VIAGEM,53851,509,RPA6,0.9452006462275538
738,738,PRD,BOA VISTA,14400,365,RPA1,2.5347222222222223
739,739,PRD,BOMBA DO HEMETERIO,6864,324,RPA2,4.72027972027972
740,740,PRD,BONGI,2782,76,RPA5,2.7318475916606757
741,741,PRD,BRASILIA TEIMOSA,9212,184,RPA6,1.997394702561876
742,742,PRD,BREJO DA GUABIRABA,6466,79,RPA3,1.2217754407670895
743,743,PRD,BREJO DE BEBERIBE,2614,81,RPA3,3.098699311400153
744,744,PRD,CABANGA,1491,34,RPA1,2.2803487592219986
745,745,PRD,CAJUEIRO,6579,238,RPA2,3.6175710594315245
746,746,PRD,CAMPINA DO BARRETO,5940,219,RPA2,3.686868686868687
747,747,PRD,CAMPO GRANDE,17284,1069,RPA2,6.184910900254571
748,748,PRD,CASA AMARELA,43142,1816,RPA3,4.209355152751379
749,749,PRD,CASA FORTE,10157,194,RPA3,1.9100127990548392
750,750,PRD,CIDADE UNIVERSITARIA,10715,140,RPA4,1.3065795613625757
751,751,PRD,COHAB,9501,106,RPA6,1.1156720345226818
752,752,PRD,CORDEIRO,26903,409,RPA4,1.5202765490837453
753,753,PRD,DERBY,1077,19,RPA3,1.7641597028783658
754,754,PRD,DOIS IRMAOS,5423,755,RPA3,13.922183293380048
755,755,PRD,DOIS UNIDOS,9367,206,RPA2,2.1992099925269564
756,756,PRD,ENCRUZILHADA,6845,141,RPA2,2.0598977355734114
757,757,PRD,ENGENHO DO MEIO,17273,489,RPA4,2.8310079314537138
758,758,PRD,ESPINHEIRO,5549,124,RPA3,2.2346368715083798
759,759,PRD,ESTANCIA,16630,306,Fora,1.8400481058328322
760,760,PRD,FUNDAO,8298,235,RPA2,2.8320077127018557
761,761,PRD,GRACAS,21441,346,RPA3,1.6137307028590084
762,762,PRD,GUABIRABA,4763,62,RPA3,1.301700608859962
763,763,PRD,HIPODROMO,5019,214,RPA2,4.2637975692369
764,764,PRD,IBURA,59870,537,RPA6,0.8969433773175214
765,765,PRD,ILHA DO LEITE,3227,63,RPA1,1.9522776572668112
766,766,PRD,ILHA DO RETIRO,985,12,RPA4,1.2182741116751268
767,767,PRD,ILHA JOANA BEZERRA,1742,27,RPA1,1.5499425947187142
768,768,PRD,IMBIRIBEIRA,35825,473,RPA6,1.3203070481507329
769,769,PRD,IPSEP,11045,121,RPA6,1.0955183340878225
770,770,PRD,IPUTINGA,26310,468,RPA4,1.7787913340935004
771,771,PRD,JAQUEIRA,658,15,RPA3,2.2796352583586628
772,772,PRD,JARDIM SAO PAULO,20388,236,Fora,1.1575436531292917
773,773,PRD,JORDAO,20303,220,Fora,1.0835837068413534
774,774,PRD,LINHA DO TIRO,10900,383,RPA2,3.513761467889908
775,775,PRD,MACAXEIRA,15211,479,RPA3,3.1490368812043914
776,776,PRD,MADALENA,32805,564,RPA4,1.7192501143118426
777,777,PRD,MANGABEIRA,3837,181,RPA3,4.71722700026062
778,778,PRD,MONTEIRO,4044,223,RPA3,5.514342235410485
779,779,PRD,MORRO DA CONCEICAO,2937,152,RPA3,5.175348995573715
780,780,PRD,MUSTARDINHA,15662,530,RPA5,3.383986719448346
781,781,PRD,NOVA DESCOBERTA,25012,929,RPA3,3.7142171757556373
782,782,PRD,PARNAMIRIM,4545,126,RPA3,2.7722772277227725
783,783,PRD,PASSARINHO,2273,38,RPA3,1.6717993840739112
784,784,PRD,PINA,22533,912,RPA6,4.047397150845427
785,785,PRD,POCO,1143,22,Fora,1.9247594050743655
786,786,PRD,PORTO DA MADEIRA,4561,121,RPA2,2.652926989695242
787,787,PRD,ROSARINHO,5358,78,RPA2,1.4557670772676372
788,788,PRD,SAN MARTIN,12852,401,RPA5,3.1201369436663557
789,789,PRD,SANCHO,3558,27,RPA5,0.7588532883642496
790,790,PRD,SANTO AMARO,20199,405,RPA1,2.0050497549383635
791,791,PRD,SAO JOSE,9379,191,RPA1,2.0364644418381492
792,792,PRD,TAMARINEIRA,7754,265,RPA3,3.4175909208150634
793,793,PRD,TEJIPIO,24790,304,RPA5,1.2263009277934651
794,794,PRD,TORRE,8581,201,RPA4,2.342384337489803
795,795,PRD,TORREAO,1293,75,RPA2,5.800464037122969
796,796,PRD,TORROES,12973,463,RPA4,3.5689508980189624
797,797,PRD,TOTO,678,4,Fora,0.5899705014749262
798,798,PRD,VARZEA,33484,698,RPA4,2.084577708756421
799,799,PRD,VASCO DA GAMA,18835,673,RPA3,3.5731351207857713
800,800,PRD,ZUMBI,5963,108,RPA4,1.8111688747274861
801,801,PSB,AFLITOS,9856,3660,RPA3,37.13474025974026
802,802,PSB,AFOGADOS,95880,49772,RPA5,51.910721735502705
803,803,PSB,AGUA FRIA,87020,50544,RPA2,58.08319926453689
804,804,PSB,ALTO JOSE BONIFACIO,24444,16326,RPA3,66.78939617083947
805,805,PSB,ALTO JOSE DO PINHO,32736,19434,RPA3,59.365835777126094
806,806,PSB,ALTO SANTA TEREZINHA,2880,1788,RPA2,62.083333333333336
807,807,PSB,APIPUCOS,8564,4228,RPA3,49.36945352638954
808,808,PSB,AREIAS,86152,45924,RPA5,53.30578512396694
809,809,PSB,ARRUDA,81560,42840,RPA2,52.52574791564493
810,810,PSB,BARRO,28336,17586,RPA5,62.06239412761152
811,811,PSB,BEBERIBE,74888,44864,RPA2,59.90812947334686
812,812,PSB,BOA VIAGEM,251652,89542,RPA6,35.58167628312113
813,813,PSB,BOA VISTA,57600,25806,RPA1,44.80208333333333
814,814,PSB,BOMBA DO HEMETERIO,27456,16212,RPA2,59.0472027972028
815,815,PSB,BONGI,11128,5772,RPA5,51.86915887850467
816,816,PSB,BRASILIA TEIMOSA,36848,18960,RPA6,51.454624402952675
817,817,PSB,BREJO DA GUABIRABA,25864,17976,RPA3,69.5020105165481
818,818,PSB,BREJO DE BEBERIBE,10456,6616,RPA3,63.27467482785004
819,819,PSB,CABANGA,5964,3392,RPA1,56.87458081824279
820,820,PSB,CAJUEIRO,26316,13418,RPA2,50.98799209606323
821,821,PSB,CAMPINA DO BARRETO,23760,13472,RPA2,56.70033670033669
822,822,PSB,CAMPO GRANDE,69136,39446,RPA2,57.05565841240453
823,823,PSB,CASA AMARELA,172568,89336,RPA3,51.76857818367252
824,824,PSB,CASA FORTE,40628,16066,RPA3,39.54415673919464
825,825,PSB,CIDADE UNIVERSITARIA,43800,19918,RPA4,45.474885844748854
826,826,PSB,COHAB,43644,25284,RPA6,57.93236183667858
827,827,PSB,CORDEIRO,107612,59384,RPA4,55.1834367914359
828,828,PSB,CORREGO DO JENIPAPO,224,166,RPA3,74.10714285714286
829,829,PSB,DERBY,6048,2252,RPA3,37.235449735449734
830,830,PSB,DOIS IRMAOS,21692,11090,RPA3,51.12483865019362
831,831,PSB,DOIS UNIDOS,37468,21778,RPA2,58.124266040354435
832,832,PSB,ENCRUZILHADA,28356,11760,RPA2,41.47270418958951
833,833,PSB,ENGENHO DO MEIO,69092,35662,RPA4,51.6152376541423
834,834,PSB,ESPINHEIRO,22196,8934,RPA3,40.25049558479005
835,835,PSB,ESTANCIA,67828,40912,Fora,60.317273102553514
836,836,PSB,FUNDAO,33192,18058,RPA2,54.404675825500114
837,837,PSB,GRACAS,86720,30732,RPA3,35.43819188191882
838,838,PSB,GUABIRABA,19052,11916,RPA3,62.544614738610115
839,839,PSB,HIPODROMO,20076,10532,RPA2,52.46064953177923
840,840,PSB,IBURA,270128,147342,RPA6,54.54525262097968
841,841,PSB,ILHA DO LEITE,12908,8008,RPA1,62.039045553145336
842,842,PSB,ILHA DO RETIRO,3940,2124,RPA4,53.90862944162437
843,843,PSB,ILHA JOANA BEZERRA,6968,4544,RPA1,65.21239954075774
844,844,PSB,IMBIRIBEIRA,157560,70016,RPA6,44.43767453668443
845,845,PSB,IPSEP,49716,23542,RPA6,47.35296484029286
846,846,PSB,IPUTINGA,105240,60012,RPA4,57.02394526795895
847,847,PSB,JAQUEIRA,2632,1384,RPA3,52.58358662613982
848,848,PSB,JARDIM SAO PAULO,85980,49118,Fora,57.12723889276576
849,849,PSB,JORDAO,85656,40640,Fora,47.44559633884375
850,850,PSB,LINHA DO TIRO,43600,27912,RPA2,64.01834862385321
851,851,PSB,MACAXEIRA,60844,37156,RPA3,61.06764841233318
852,852,PSB,MADALENA,133896,63404,RPA4,47.35316962418594
853,853,PSB,MANGABEIRA,15348,8694,RPA3,56.64581704456607
854,854,PSB,MONTEIRO,16176,7878,RPA3,48.70178041543027
855,855,PSB,MORRO DA CONCEICAO,11748,6688,RPA3,56.92883895131086
856,856,PSB,MUSTARDINHA,62648,36892,RPA5,58.88775379900396
857,857,PSB,NOVA DESCOBERTA,100048,63148,RPA3,63.11770350231889
858,858,PSB,PARNAMIRIM,18180,7172,RPA3,39.44994499449945
859,859,PSB,PASSARINHO,9092,5290,RPA3,58.18301803783545
860,860,PSB,PINA,90708,44506,RPA6,49.065132072143584
861,861,PSB,POCO,5244,2152,Fora,41.0373760488177
862,862,PSB,PORTO DA MADEIRA,18244,9978,RPA2,54.69195351896514
863,863,PSB,ROSARINHO,21432,8328,RPA2,38.85778275475924
864,864,PSB,SAN MARTIN,51408,27172,RPA5,52.855586679116094
865,865,PSB,SANCHO,14232,8440,RPA5,59.30297920179876
866,866,PSB,SANTO AMARO,80796,43438,RPA1,53.762562503094216
867,867,PSB,SAO JOSE,37516,22418,RPA1,59.75583750932935
868,868,PSB,TAMARINEIRA,31016,15630,RPA3,50.39334537013155
869,869,PSB,TEJIPIO,103660,53802,RPA5,51.90237314296739
870,870,PSB,TORRE,34324,19774,RPA4,57.60983568348678
871,871,PSB,TORREAO,5172,2800,RPA2,54.13766434648105
872,872,PSB,TORROES,51892,28210,RPA4,54.36290757727588
873,873,PSB,TOTO,3992,1822,Fora,45.64128256513026
874,874,PSB,VARZEA,135224,68020,RPA4,50.301721587883804
875,875,PSB,VASCO DA GAMA,75340,44380,RPA3,58.906291478630216
876,876,PSB,ZUMBI,23852,14060,RPA4,58.94683883951032
877,877,PSD,AFLITOS,9856,500,RPA3,5.073051948051948
878,878,PSD,AFOGADOS,95880,3930,RPA5,4.098873591989988
879,879,PSD,AGUA FRIA,87020,4044,RPA2,4.647207538496898
880,880,PSD,ALTO JOSE BONIFACIO,24444,372,RPA3,1.5218458517427589
881,881,PSD,ALTO JOSE DO PINHO,31710,735,RPA3,2.3178807947019866
882,882,PSD,ALTO SANTA TEREZINHA,2880,74,RPA2,2.569444444444444
883,883,PSD,APIPUCOS,8564,842,RPA3,9.831854273703877
884,884,PSD,AREIAS,86152,2382,RPA5,2.764880676014486
885,885,PSD,ARRUDA,81560,4932,RPA2,6.047081902893575
886,886,PSD,BARRO,28336,608,RPA5,2.1456804065499715
887,887,PSD,BEBERIBE,74888,1818,RPA2,2.4276252537122103
888,888,PSD,BOA VIAGEM,251652,16474,RPA6,6.546341773560313
889,889,PSD,BOA VISTA,57600,2302,RPA1,3.996527777777778
890,890,PSD,BOMBA DO HEMETERIO,27456,976,RPA2,3.5547785547785544
891,891,PSD,BONGI,11128,700,RPA5,6.290438533429188
892,892,PSD,BRASILIA TEIMOSA,36848,1398,RPA6,3.7939643942683454
893,893,PSD,BREJO DA GUABIRABA,25558,389,RPA3,1.5220283277251743
894,894,PSD,BREJO DE BEBERIBE,10456,160,RPA3,1.5302218821729152
895,895,PSD,CABANGA,5964,164,RPA1,2.749832327297116
896,896,PSD,CAJUEIRO,26316,1334,RPA2,5.069159446724426
897,897,PSD,CAMPINA DO BARRETO,23760,1084,RPA2,4.562289562289562
898,898,PSD,CAMPO GRANDE,68140,1909,RPA2,2.801584972116231
899,899,PSD,CASA AMARELA,172568,6584,RPA3,3.815307588892494
900,900,PSD,CASA FORTE,40628,2252,RPA3,5.5429752879787335
901,901,PSD,CIDADE UNIVERSITARIA,43800,3754,RPA4,8.570776255707763
902,902,PSD,COHAB,42717,1114,RPA6,2.6078610389306363
903,903,PSD,CORDEIRO,107612,4284,RPA4,3.980968665204624
904,904,PSD,CORREGO DO JENIPAPO,56,2,RPA3,3.571428571428571
905,905,PSD,DERBY,6048,306,RPA3,5.059523809523809
906,906,PSD,DOIS IRMAOS,21692,1162,RPA3,5.3568135718237135
907,907,PSD,DOIS UNIDOS,37468,828,RPA2,2.2098857691897082
908,908,PSD,ENCRUZILHADA,28356,1278,RPA2,4.506982649174778
909,909,PSD,ENGENHO DO MEIO,69092,3368,RPA4,4.874659873791466
910,910,PSD,ESPINHEIRO,22196,1064,RPA3,4.793656514687331
911,911,PSD,ESTANCIA,67828,1732,Fora,2.5535177212950404
912,912,PSD,FUNDAO,33192,1552,RPA2,4.675825500120511
913,913,PSD,GRACAS,86720,4918,RPA3,5.671125461254613
914,914,PSD,GUABIRABA,17638,283,RPA3,1.6044903050232453
915,915,PSD,HIPODROMO,20076,718,RPA2,3.5764096433552504
916,916,PSD,IBURA,266579,7013,RPA6,2.6307398557275703
917,917,PSD,ILHA DO LEITE,12908,344,RPA1,2.665013944840409
918,918,PSD,ILHA DO RETIRO,3940,238,RPA4,6.040609137055838
919,919,PSD,ILHA JOANA BEZERRA,6968,198,RPA1,2.8415614236509756
920,920,PSD,IMBIRIBEIRA,157560,6836,RPA6,4.338664635694339
921,921,PSD,IPSEP,49716,1398,RPA6,2.811972000965484
922,922,PSD,IPUTINGA,105240,4756,RPA4,4.519194222729
923,923,PSD,JAQUEIRA,2632,54,RPA3,2.0516717325227964
924,924,PSD,JARDIM SAO PAULO,85980,2280,Fora,2.6517794836008375
925,925,PSD,JORDAO,85656,8268,Fora,9.652563743345475
926,926,PSD,LINHA DO TIRO,43600,754,RPA2,1.7293577981651376
927,927,PSD,MACAXEIRA,59956,1874,RPA3,3.125625458669691
928,928,PSD,MADALENA,133896,6434,RPA4,4.805221963314811
929,929,PSD,MANGABEIRA,15348,540,RPA3,3.5183737294761532
930,930,PSD,MONTEIRO,16176,852,RPA3,5.267062314540059
931,931,PSD,MORRO DA CONCEICAO,10701,263,RPA3,2.457714232314737
932,932,PSD,MUSTARDINHA,62648,3708,RPA5,5.918784318733239
933,933,PSD,NOVA DESCOBERTA,99055,2226,RPA3,2.2472363838271665
934,934,PSD,PARNAMIRIM,18180,994,RPA3,5.4675467546754675
935,935,PSD,PASSARINHO,9092,200,RPA3,2.1997360316761987
936,936,PSD,PINA,90708,3838,RPA6,4.231159324425629
937,937,PSD,POCO,5244,294,Fora,5.606407322654462
938,938,PSD,PORTO DA MADEIRA,18244,612,RPA2,3.354527515895637
939,939,PSD,ROSARINHO,21432,1116,RPA2,5.207166853303471
940,940,PSD,SAN MARTIN,51408,3152,RPA5,6.131341425459072
941,941,PSD,SANCHO,14232,308,RPA5,2.1641371557054523
942,942,PSD,SANTO AMARO,80796,1702,RPA1,2.106539927719194
943,943,PSD,SAO JOSE,37516,1142,RPA1,3.0440345452606885
944,944,PSD,TAMARINEIRA,31016,1144,RPA3,3.6884188805777667
945,945,PSD,TEJIPIO,103078,2612,RPA5,2.5340033760841303
946,946,PSD,TORRE,34324,1300,RPA4,3.7874373616128656
947,947,PSD,TORREAO,5172,182,RPA2,3.5189481825212683
948,948,PSD,TORROES,51892,3450,RPA4,6.648423649117398
949,949,PSD,TOTO,3992,128,Fora,3.2064128256513023
950,950,PSD,VARZEA,135224,16780,RPA4,12.409039815417382
951,951,PSD,VASCO DA GAMA,75340,2026,RPA3,2.6891425537563047
952,952,PSD,ZUMBI,23852,876,RPA4,3.6726479959751805
953,953,PSDB,AFLITOS,611,4,RPA3,0.6546644844517185
954,954,PSDB,AFOGADOS,4795,19,RPA5,0.39624608967674657
955,955,PSDB,AGUA FRIA,8275,33,RPA2,0.3987915407854985
956,956,PSDB,ALTO JOSE BONIFACIO,1615,8,RPA3,0.49535603715170284
957,957,PSDB,ALTO JOSE DO PINHO,3065,10,RPA3,0.3262642740619902
958,958,PSDB,ALTO SANTA TEREZINHA,398,1,RPA2,0.25125628140703515
959,959,PSDB,APIPUCOS,917,5,RPA3,0.5452562704471101
960,960,PSDB,AREIAS,3438,15,RPA5,0.4363001745200698
961,961,PSDB,ARRUDA,8310,36,RPA2,0.4332129963898917
962,962,PSDB,BARRO,637,2,RPA5,0.3139717425431711
963,963,PSDB,BEBERIBE,5778,24,RPA2,0.4153686396677051
964,964,PSDB,BOA VIAGEM,21158,95,RPA6,0.44900274127989415
965,965,PSDB,BOA VISTA,5422,30,RPA1,0.5533013648100332
966,966,PSDB,BOMBA DO HEMETERIO,3242,11,RPA2,0.3392967304133251
967,967,PSDB,BONGI,1294,10,RPA5,0.7727975270479135
968,968,PSDB,BRASILIA TEIMOSA,2349,9,RPA6,0.38314176245210724
969,969,PSDB,BREJO DA GUABIRABA,1848,7,RPA3,0.3787878787878788
970,970,PSDB,BREJO DE BEBERIBE,1634,6,RPA3,0.36719706242350064
971,971,PSDB,CABANGA,485,3,RPA1,0.6185567010309279
972,972,PSDB,CAJUEIRO,3719,16,RPA2,0.4302231782737295
973,973,PSDB,CAMPINA DO BARRETO,2285,10,RPA2,0.437636761487965
974,974,PSDB,CAMPO GRANDE,15471,143,RPA2,0.9243099993536295
975,975,PSDB,CASA AMARELA,21464,147,RPA3,0.6848676854267611
976,976,PSDB,CASA FORTE,2913,11,RPA3,0.37761757638173704
977,977,PSDB,CIDADE UNIVERSITARIA,2861,13,RPA4,0.45438657811953864
978,978,PSDB,COHAB,3850,22,RPA6,0.5714285714285714
979,979,PSDB,CORDEIRO,7700,31,RPA4,0.40259740259740256
980,980,PSDB,DERBY,437,2,RPA3,0.4576659038901602
981,981,PSDB,DOIS IRMAOS,1604,6,RPA3,0.3740648379052369
982,982,PSDB,DOIS UNIDOS,2356,7,RPA2,0.29711375212224106
983,983,PSDB,ENCRUZILHADA,3874,22,RPA2,0.5678884873515746
984,984,PSDB,ENGENHO DO MEIO,4658,17,RPA4,0.36496350364963503
985,985,PSDB,ESPINHEIRO,1546,9,RPA3,0.5821474773609314
986,986,PSDB,ESTANCIA,4220,15,Fora,0.35545023696682465
987,987,PSDB,FUNDAO,3241,16,RPA2,0.49367479173094725
988,988,PSDB,GRACAS,4185,17,RPA3,0.4062126642771804
989,989,PSDB,GUABIRABA,1323,4,RPA3,0.30234315948601664
990,990,PSDB,HIPODROMO,3287,20,RPA2,0.608457560085184
991,991,PSDB,IBURA,23142,116,RPA6,0.5012531328320802
992,992,PSDB,ILHA DO LEITE,591,3,RPA1,0.5076142131979695
993,993,PSDB,ILHA DO RETIRO,313,1,RPA4,0.3194888178913738
994,994,PSDB,IMBIRIBEIRA,12773,59,RPA6,0.4619118452986769
995,995,PSDB,IPSEP,5451,26,RPA6,0.4769767015226564
996,996,PSDB,IPUTINGA,9558,40,RPA4,0.4184975936388366
997,997,PSDB,JARDIM SAO PAULO,6381,25,Fora,0.39178812098417176
998,998,PSDB,JORDAO,8939,34,Fora,0.38035574449043513
999,999,PSDB,LINHA DO TIRO,3061,10,RPA2,0.3266906239790918
1000,1000,PSDB,MACAXEIRA,7596,35,RPA3,0.46076882569773564
1001,1001,PSDB,MADALENA,7988,40,RPA4,0.5007511266900351
1002,1002,PSDB,MANGABEIRA,1056,4,RPA3,0.3787878787878788
1003,1003,PSDB,MONTEIRO,3241,24,RPA3,0.7405121875964209
1004,1004,PSDB,MORRO DA CONCEICAO,2053,6,RPA3,0.2922552362396493
1005,1005,PSDB,MUSTARDINHA,3732,17,RPA5,0.45551982851018225
1006,1006,PSDB,NOVA DESCOBERTA,14307,69,RPA3,0.4822814007129377
1007,1007,PSDB,PARNAMIRIM,1903,8,RPA3,0.42038885969521805
1008,1008,PSDB,PASSARINHO,656,5,RPA3,0.7621951219512195
1009,1009,PSDB,PINA,5838,25,RPA6,0.42822884549503254
1010,1010,PSDB,POCO,860,4,Fora,0.46511627906976744
1011,1011,PSDB,PORTO DA MADEIRA,2287,8,RPA2,0.34980323567993005
1012,1012,PSDB,ROSARINHO,2103,7,RPA2,0.33285782215882076
1013,1013,PSDB,SAN MARTIN,6891,33,RPA5,0.478885502829778
1014,1014,PSDB,SANCHO,2096,7,RPA5,0.33396946564885494
1015,1015,PSDB,SANTO AMARO,8141,44,RPA1,0.540474143225648
1016,1016,PSDB,SAO JOSE,2301,8,RPA1,0.3476749239461104
1017,1017,PSDB,TAMARINEIRA,2672,12,RPA3,0.4491017964071856
1018,1018,PSDB,TEJIPIO,6919,26,RPA5,0.37577684636508163
1019,1019,PSDB,TORRE,1570,6,RPA4,0.3821656050955414
1020,1020,PSDB,TORREAO,1161,8,RPA2,0.6890611541774333
1021,1021,PSDB,TORROES,6640,32,RPA4,0.48192771084337355
1022,1022,PSDB,VARZEA,9712,40,RPA4,0.41186161449752884
1023,1023,PSDB,VASCO DA GAMA,9902,68,RPA3,0.6867299535447384
1024,1024,PSDB,ZUMBI,1873,6,RPA4,0.32034169781099836
1025,1025,PSOL,AFLITOS,9856,966,RPA3,9.801136363636363
1026,1026,PSOL,AFOGADOS,93654,2108,RPA5,2.2508381916415745
1027,1027,PSOL,AGUA FRIA,81959,1333,RPA2,1.6264229675813517
1028,1028,PSOL,ALTO JOSE BONIFACIO,23439,268,RPA3,1.1433934894833397
1029,1029,PSOL,ALTO JOSE DO PINHO,32736,456,RPA3,1.3929618768328444
1030,1030,PSOL,ALTO SANTA TEREZINHA,2880,36,RPA2,1.25
1031,1031,PSOL,APIPUCOS,8564,296,RPA3,3.456328818309201
1032,1032,PSOL,AREIAS,85156,1703,RPA5,1.9998590821551037
1033,1033,PSOL,ARRUDA,81560,2112,RPA2,2.5895046591466406
1034,1034,PSOL,BARRO,28336,666,RPA5,2.3503670242800676
1035,1035,PSOL,BEBERIBE,70520,1010,RPA2,1.4322178105501986
1036,1036,PSOL,BOA VIAGEM,251652,10912,RPA6,4.336146742326705
1037,1037,PSOL,BOA VISTA,57600,4456,RPA1,7.736111111111112
1038,1038,PSOL,BOMBA DO HEMETERIO,27456,486,RPA2,1.7701048951048952
1039,1039,PSOL,BONGI,11128,306,RPA5,2.7498202731847594
1040,1040,PSOL,BRASILIA TEIMOSA,32519,557,RPA6,1.712844798425536
1041,1041,PSOL,BREJO DA GUABIRABA,25558,359,RPA3,1.4046482510368572
1042,1042,PSOL,BREJO DE BEBERIBE,9451,90,RPA3,0.9522801819913237
1043,1043,PSOL,CABANGA,5964,122,RPA1,2.04560697518444
1044,1044,PSOL,CAJUEIRO,26316,648,RPA2,2.462380300957592
1045,1045,PSOL,CAMPINA DO BARRETO,22764,356,RPA2,1.5638727815849587
1046,1046,PSOL,CAMPO GRANDE,69136,1978,RPA2,2.8610275399213148
1047,1047,PSOL,CASA AMARELA,171023,6581,RPA3,3.848020441694977
1048,1048,PSOL,CASA FORTE,40628,3634,RPA3,8.944570247120213
1049,1049,PSOL,CIDADE UNIVERSITARIA,43800,4046,RPA4,9.237442922374429
1050,1050,PSOL,COHAB,40371,443,RPA6,1.0973223353397241
1051,1051,PSOL,CORDEIRO,106739,3674,RPA4,3.4420408660377184
1052,1052,PSOL,CORREGO DO JENIPAPO,56,2,RPA3,3.571428571428571
1053,1053,PSOL,DERBY,6048,504,RPA3,8.333333333333332
1054,1054,PSOL,DOIS IRMAOS,21692,608,RPA3,2.802876636548036
1055,1055,PSOL,DOIS UNIDOS,34366,377,RPA2,1.097014491066752
1056,1056,PSOL,ENCRUZILHADA,28356,1966,RPA2,6.933276907885457
1057,1057,PSOL,ENGENHO DO MEIO,69092,2294,RPA4,3.320210733514734
1058,1058,PSOL,ESPINHEIRO,22196,1742,RPA3,7.8482609479185435
1059,1059,PSOL,ESTANCIA,67828,1718,Fora,2.532877277820369
1060,1060,PSOL,FUNDAO,33192,624,RPA2,1.8799710773680405
1061,1061,PSOL,GRACAS,86720,7874,RPA3,9.07979704797048
1062,1062,PSOL,GUABIRABA,18761,235,RPA3,1.2525984755610042
1063,1063,PSOL,HIPODROMO,20076,880,RPA2,4.383343295477187
1064,1064,PSOL,IBURA,245041,2968,RPA6,1.2112258764859758
1065,1065,PSOL,ILHA DO LEITE,12908,218,RPA1,1.6888751162070035
1066,1066,PSOL,ILHA DO RETIRO,3940,82,RPA4,2.081218274111675
1067,1067,PSOL,ILHA JOANA BEZERRA,6968,122,RPA1,1.7508610792192882
1068,1068,PSOL,IMBIRIBEIRA,154599,4896,RPA6,3.1669027613373952
1069,1069,PSOL,IPSEP,49716,1394,RPA6,2.803926301391906
1070,1070,PSOL,IPUTINGA,105240,3114,RPA4,2.9589509692132268
1071,1071,PSOL,JAQUEIRA,2632,48,RPA3,1.82370820668693
1072,1072,PSOL,JARDIM SAO PAULO,85980,2482,Fora,2.8867178413584558
1073,1073,PSOL,JORDAO,83922,1094,Fora,1.3035914301375087
1074,1074,PSOL,LINHA DO TIRO,42619,475,RPA2,1.1145263849456815
1075,1075,PSOL,MACAXEIRA,59890,1011,RPA3,1.6880948405409917
1076,1076,PSOL,MADALENA,133896,8362,RPA4,6.245145486048874
1077,1077,PSOL,MANGABEIRA,15348,380,RPA3,2.475892624446182
1078,1078,PSOL,MONTEIRO,16176,628,RPA3,3.8822947576656777
1079,1079,PSOL,MORRO DA CONCEICAO,11748,254,RPA3,2.1620701395982294
1080,1080,PSOL,MUSTARDINHA,61103,1128,RPA5,1.8460632047526306
1081,1081,PSOL,NOVA DESCOBERTA,88852,918,RPA3,1.0331787691892136
1082,1082,PSOL,PARNAMIRIM,18180,1300,RPA3,7.15071507150715
1083,1083,PSOL,PASSARINHO,9092,162,RPA3,1.7817861856577208
1084,1084,PSOL,PINA,90708,2300,RPA6,2.5356087665917006
1085,1085,PSOL,POCO,5244,442,Fora,8.428680396643784
1086,1086,PSOL,PORTO DA MADEIRA,18244,514,RPA2,2.81736461302346
1087,1087,PSOL,ROSARINHO,21432,1538,RPA2,7.17618514371034
1088,1088,PSOL,SAN MARTIN,51408,1270,RPA5,2.4704326174914413
1089,1089,PSOL,SANCHO,14232,254,RPA5,1.7847105115233277
1090,1090,PSOL,SANTO AMARO,79887,2588,RPA1,3.239575900960106
1091,1091,PSOL,SAO JOSE,35575,622,RPA1,1.7484188334504567
1092,1092,PSOL,TAMARINEIRA,31016,1522,RPA3,4.907144699509931
1093,1093,PSOL,TEJIPIO,102778,2342,RPA5,2.2786977757885927
1094,1094,PSOL,TORRE,34324,1270,RPA4,3.700034960960261
1095,1095,PSOL,TORREAO,5172,234,RPA2,4.524361948955916
1096,1096,PSOL,TORROES,50908,920,RPA4,1.8071815824624815
1097,1097,PSOL,TOTO,3992,42,Fora,1.0521042084168337
1098,1098,PSOL,VARZEA,132383,4252,RPA4,3.211892765687437
1099,1099,PSOL,VASCO DA GAMA,71521,964,RPA3,1.347855874498399
1100,1100,PSOL,ZUMBI,23852,954,RPA4,3.9996645983565315
1101,1101,PSTU,AFLITOS,3464,18,RPA3,0.5196304849884527
1102,1102,PSTU,AFOGADOS,4425,15,RPA5,0.3389830508474576
1103,1103,PSTU,AGUA FRIA,3251,10,RPA2,0.30759766225776686
1104,1104,PSTU,ALTO JOSE BONIFACIO,342,1,RPA3,0.29239766081871343
1105,1105,PSTU,ALTO JOSE DO PINHO,692,2,RPA3,0.2890173410404624
1106,1106,PSTU,APIPUCOS,297,1,RPA3,0.33670033670033667
1107,1107,PSTU,AREIAS,1249,4,RPA5,0.32025620496397117
1108,1108,PSTU,ARRUDA,5952,23,RPA2,0.3864247311827957
1109,1109,PSTU,BARRO,972,3,RPA5,0.30864197530864196
1110,1110,PSTU,BEBERIBE,3206,10,RPA2,0.3119151590767312
1111,1111,PSTU,BOA VIAGEM,30968,137,RPA6,0.4423921467321105
1112,1112,PSTU,BOA VISTA,17521,84,RPA1,0.4794246903715541
1113,1113,PSTU,BOMBA DO HEMETERIO,321,1,RPA2,0.3115264797507788
1114,1114,PSTU,BONGI,2036,10,RPA5,0.4911591355599214
1115,1115,PSTU,BRASILIA TEIMOSA,4844,20,RPA6,0.41288191577208916
1116,1116,PSTU,BREJO DA GUABIRABA,336,1,RPA3,0.2976190476190476
1117,1117,PSTU,CAJUEIRO,1265,7,RPA2,0.5533596837944664
1118,1118,PSTU,CAMPINA DO BARRETO,683,2,RPA2,0.29282576866764276
1119,1119,PSTU,CAMPO GRANDE,1245,4,RPA2,0.321285140562249
1120,1120,PSTU,CASA AMARELA,9364,34,RPA3,0.3630926954293037
1121,1121,PSTU,CASA FORTE,3518,19,RPA3,0.5400795906765207
1122,1122,PSTU,CIDADE UNIVERSITARIA,9565,39,RPA4,0.40773653946680605
1123,1123,PSTU,COHAB,767,3,RPA6,0.3911342894393742
1124,1124,PSTU,CORDEIRO,11348,42,RPA4,0.3701092703560099
1125,1125,PSTU,DERBY,1720,8,RPA3,0.46511627906976744
1126,1126,PSTU,DOIS IRMAOS,632,2,RPA3,0.31645569620253167
1127,1127,PSTU,DOIS UNIDOS,997,3,RPA2,0.3009027081243731
1128,1128,PSTU,ENCRUZILHADA,4135,20,RPA2,0.48367593712212814
1129,1129,PSTU,ENGENHO DO MEIO,3826,14,RPA4,0.36591740721380034
1130,1130,PSTU,ESPINHEIRO,1430,6,RPA3,0.4195804195804196
1131,1131,PSTU,ESTANCIA,10868,42,Fora,0.38645564961354434
1132,1132,PSTU,FUNDAO,4098,20,RPA2,0.4880429477794046
1133,1133,PSTU,GRACAS,15589,67,RPA3,0.42979023670536914
1134,1134,PSTU,GUABIRABA,2745,9,RPA3,0.32786885245901637
1135,1135,PSTU,HIPODROMO,1252,4,RPA2,0.3194888178913738
1136,1136,PSTU,IBURA,17956,63,RPA6,0.35085765203831587
1137,1137,PSTU,ILHA DO LEITE,299,1,RPA1,0.33444816053511706
1138,1138,PSTU,ILHA DO RETIRO,184,1,RPA4,0.5434782608695652
1139,1139,PSTU,ILHA JOANA BEZERRA,297,1,RPA1,0.33670033670033667
1140,1140,PSTU,IMBIRIBEIRA,21661,92,RPA6,0.4247264669221181
1141,1141,PSTU,IPSEP,4165,19,RPA6,0.4561824729891957
1142,1142,PSTU,IPUTINGA,11852,39,RPA4,0.32905838677016536
1143,1143,PSTU,JARDIM SAO PAULO,11108,41,Fora,0.3691033489377026
1144,1144,PSTU,JORDAO,2921,12,Fora,0.41081821294077375
1145,1145,PSTU,LINHA DO TIRO,655,2,RPA2,0.3053435114503817
1146,1146,PSTU,MACAXEIRA,1135,4,RPA3,0.3524229074889868
1147,1147,PSTU,MADALENA,13935,64,RPA4,0.4592752063150341
1148,1148,PSTU,MANGABEIRA,1703,6,RPA3,0.35231943628890194
1149,1149,PSTU,MONTEIRO,1340,5,RPA3,0.3731343283582089
1150,1150,PSTU,MORRO DA CONCEICAO,1364,4,RPA3,0.2932551319648094
1151,1151,PSTU,MUSTARDINHA,2308,8,RPA5,0.34662045060658575
1152,1152,PSTU,NOVA DESCOBERTA,7027,26,RPA3,0.3700014230823965
1153,1153,PSTU,PARNAMIRIM,1128,5,RPA3,0.44326241134751776
1154,1154,PSTU,PASSARINHO,1276,4,RPA3,0.3134796238244514
1155,1155,PSTU,PINA,6193,25,RPA6,0.40368157597287263
1156,1156,PSTU,PORTO DA MADEIRA,1648,5,RPA2,0.30339805825242716
1157,1157,PSTU,ROSARINHO,5978,23,RPA2,0.38474406155904983
1158,1158,PSTU,SAN MARTIN,2411,8,RPA5,0.33181252592285354
1159,1159,PSTU,SANCHO,320,1,RPA5,0.3125
1160,1160,PSTU,SANTO AMARO,7543,27,RPA1,0.35794776614079277
1161,1161,PSTU,SAO JOSE,1446,6,RPA1,0.4149377593360996
1162,1162,PSTU,TAMARINEIRA,3681,16,RPA3,0.43466449334419993
1163,1163,PSTU,TEJIPIO,6597,29,RPA5,0.43959375473700163
1164,1164,PSTU,TORRE,1271,4,RPA4,0.3147128245476003
1165,1165,PSTU,TORROES,6619,29,RPA4,0.43813264843631966
1166,1166,PSTU,VARZEA,13948,50,RPA4,0.3584743332377402
1167,1167,PSTU,VASCO DA GAMA,4574,16,RPA3,0.34980323567993005
1168,1168,PSTU,ZUMBI,1267,4,RPA4,0.31570639305445936
1169,1169,PT,AFLITOS,2464,266,RPA3,10.795454545454545
1170,1170,PT,AFOGADOS,23970,1354,RPA5,5.648727576136838
1171,1171,PT,AGUA FRIA,21755,913,RPA2,4.196736382440818
1172,1172,PT,ALTO JOSE BONIFACIO,6111,166,RPA3,2.7164130256913763
1173,1173,PT,ALTO JOSE DO PINHO,8184,331,RPA3,4.044477028347996
1174,1174,PT,ALTO SANTA TEREZINHA,720,36,RPA2,5.0
1175,1175,PT,APIPUCOS,2141,116,RPA3,5.41802895843064
1176,1176,PT,AREIAS,21538,1126,RPA5,5.227969170767945
1177,1177,PT,ARRUDA,20390,1041,RPA2,5.105443845022069
1178,1178,PT,BARRO,7084,258,RPA5,3.6420101637492945
1179,1179,PT,BEBERIBE,18722,653,RPA2,3.4878752270056617
1180,1180,PT,BOA VIAGEM,62913,4888,RPA6,7.769459412204155
1181,1181,PT,BOA VISTA,14400,1628,RPA1,11.305555555555555
1182,1182,PT,BOMBA DO HEMETERIO,6864,344,RPA2,5.011655011655012
1183,1183,PT,BONGI,2782,189,RPA5,6.793673616103522
1184,1184,PT,BRASILIA TEIMOSA,9212,864,RPA6,9.379070777247069
1185,1185,PT,BREJO DA GUABIRABA,6466,111,RPA3,1.716671821837303
1186,1186,PT,BREJO DE BEBERIBE,2614,54,RPA3,2.065799540933435
1187,1187,PT,CABANGA,1491,111,RPA1,7.44466800804829
1188,1188,PT,CAJUEIRO,6579,323,RPA2,4.909560723514212
1189,1189,PT,CAMPINA DO BARRETO,5940,291,RPA2,4.8989898989899
1190,1190,PT,CAMPO GRANDE,17284,1119,RPA2,6.474195788012034
1191,1191,PT,CASA AMARELA,43142,2693,RPA3,6.242176996893978
1192,1192,PT,CASA FORTE,10157,1005,RPA3,9.894653933248005
1193,1193,PT,CIDADE UNIVERSITARIA,10950,1201,RPA4,10.968036529680365
1194,1194,PT,COHAB,10911,592,RPA6,5.425717166162588
1195,1195,PT,CORDEIRO,26903,2785,RPA4,10.35200535256291
1196,1196,PT,CORREGO DO JENIPAPO,56,1,RPA3,1.7857142857142856
1197,1197,PT,DERBY,1512,154,RPA3,10.185185185185185
1198,1198,PT,DOIS IRMAOS,5423,237,RPA3,4.370274755670294
1199,1199,PT,DOIS UNIDOS,9367,231,RPA2,2.466104409095762
1200,1200,PT,ENCRUZILHADA,7089,739,RPA2,10.424601495274368
1201,1201,PT,ENGENHO DO MEIO,17273,1903,RPA4,11.017194465350547
1202,1202,PT,ESPINHEIRO,5549,596,RPA3,10.740673995314472
1203,1203,PT,ESTANCIA,16957,809,Fora,4.77089107743115
1204,1204,PT,FUNDAO,8298,410,RPA2,4.940949626416004
1205,1205,PT,GRACAS,21680,2271,RPA3,10.47509225092251
1206,1206,PT,GUABIRABA,4763,95,RPA3,1.9945412555112323
1207,1207,PT,HIPODROMO,5019,368,RPA2,7.332137876070931
1208,1208,PT,IBURA,67532,3686,RPA6,5.458153171829651
1209,1209,PT,ILHA DO LEITE,3227,130,RPA1,4.028509451502944
1210,1210,PT,ILHA DO RETIRO,985,71,RPA4,7.208121827411168
1211,1211,PT,ILHA JOANA BEZERRA,1742,102,RPA1,5.855338691159587
1212,1212,PT,IMBIRIBEIRA,39390,2205,RPA6,5.597867479055598
1213,1213,PT,IPSEP,12429,727,RPA6,5.8492235899911496
1214,1214,PT,IPUTINGA,26310,2920,RPA4,11.098441657164576
1215,1215,PT,JAQUEIRA,658,18,RPA3,2.735562310030395
1216,1216,PT,JARDIM SAO PAULO,21495,901,Fora,4.191672481972552
1217,1217,PT,JORDAO,21414,660,Fora,3.0820958251611095
1218,1218,PT,LINHA DO TIRO,10900,255,RPA2,2.3394495412844036
1219,1219,PT,MACAXEIRA,15211,619,RPA3,4.069423443560581
1220,1220,PT,MADALENA,33474,3079,RPA4,9.198183664933978
1221,1221,PT,MANGABEIRA,3837,185,RPA3,4.821475110763617
1222,1222,PT,MONTEIRO,4044,276,RPA3,6.824925816023739
1223,1223,PT,MORRO DA CONCEICAO,2937,201,RPA3,6.8437180796731365
1224,1224,PT,MUSTARDINHA,15662,585,RPA5,3.735155152598647
1225,1225,PT,NOVA DESCOBERTA,25012,696,RPA3,2.7826643211258597
1226,1226,PT,PARNAMIRIM,4545,473,RPA3,10.407040704070408
1227,1227,PT,PASSARINHO,2273,58,RPA3,2.5516937967443907
1228,1228,PT,PINA,22677,1811,RPA6,7.986065176169688
1229,1229,PT,POCO,1311,141,Fora,10.755148741418765
1230,1230,PT,PORTO DA MADEIRA,4561,207,RPA2,4.538478403858803
1231,1231,PT,ROSARINHO,5358,489,RPA2,9.126539753639417
1232,1232,PT,SAN MARTIN,12852,683,RPA5,5.314347961406785
1233,1233,PT,SANCHO,3558,147,RPA5,4.1315345699831365
1234,1234,PT,SANTO AMARO,20199,2451,RPA1,12.134264072478835
1235,1235,PT,SAO JOSE,9379,595,RPA1,6.343959910438213
1236,1236,PT,TAMARINEIRA,7754,572,RPA3,7.376837761155533
1237,1237,PT,TEJIPIO,25915,1467,RPA5,5.660814200270114
1238,1238,PT,TORRE,8581,480,RPA4,5.5937536417666935
1239,1239,PT,TORREAO,1293,104,RPA2,8.043310131477185
1240,1240,PT,TORROES,12973,1125,RPA4,8.671856933631389
1241,1241,PT,TOTO,998,23,Fora,2.3046092184368736
1242,1242,PT,VARZEA,33806,2289,RPA4,6.770987398686623
1243,1243,PT,VASCO DA GAMA,18835,719,RPA3,3.8173612954605787
1244,1244,PT,ZUMBI,5963,397,RPA4,6.6577226228408515
1245,1245,PV,AFLITOS,2464,59,RPA3,2.3944805194805197
1246,1246,PV,AFOGADOS,23970,532,RPA5,2.2194409678765123
1247,1247,PV,AGUA FRIA,21755,2411,RPA2,11.082509767869455
1248,1248,PV,ALTO JOSE BONIFACIO,6111,276,RPA3,4.516445753559156
1249,1249,PV,ALTO JOSE DO PINHO,8184,826,RPA3,10.092864125122189
1250,1250,PV,ALTO SANTA TEREZINHA,720,62,RPA2,8.61111111111111
1251,1251,PV,APIPUCOS,2141,111,RPA3,5.184493227463801
1252,1252,PV,AREIAS,21538,587,RPA5,2.7254155446188135
1253,1253,PV,ARRUDA,20390,1384,RPA2,6.787641000490437
1254,1254,PV,BARRO,7084,116,RPA5,1.637492941840768
1255,1255,PV,BEBERIBE,18722,752,RPA2,4.016664886230103
1256,1256,PV,BOA VIAGEM,62236,1191,RPA6,1.9136833986760076
1257,1257,PV,BOA VISTA,14400,710,RPA1,4.930555555555555
1258,1258,PV,BOMBA DO HEMETERIO,6864,619,RPA2,9.01806526806527
1259,1259,PV,BONGI,2782,48,RPA5,1.7253774263120056
1260,1260,PV,BRASILIA TEIMOSA,9212,152,RPA6,1.6500217108119843
1261,1261,PV,BREJO DA GUABIRABA,5802,72,RPA3,1.2409513960703205
1262,1262,PV,BREJO DE BEBERIBE,2614,80,RPA3,3.0604437643458304
1263,1263,PV,CABANGA,1491,20,RPA1,1.341381623071764
1264,1264,PV,CAJUEIRO,6579,309,RPA2,4.696762425900593
1265,1265,PV,CAMPINA DO BARRETO,5940,507,RPA2,8.535353535353535
1266,1266,PV,CAMPO GRANDE,17284,502,RPA2,2.9044202730849342
1267,1267,PV,CASA AMARELA,43142,2633,RPA3,6.1031013861202545
1268,1268,PV,CASA FORTE,10157,297,RPA3,2.9240917593777693
1269,1269,PV,CIDADE UNIVERSITARIA,10641,179,RPA4,1.6821727281270558
1270,1270,PV,COHAB,10911,310,RPA6,2.8411694620108148
1271,1271,PV,CORDEIRO,26036,386,RPA4,1.4825626056229835
1272,1272,PV,DERBY,1512,23,RPA3,1.5211640211640212
1273,1273,PV,DOIS IRMAOS,5423,165,RPA3,3.0425963488843815
1274,1274,PV,DOIS UNIDOS,9367,270,RPA2,2.8824596989430984
1275,1275,PV,ENCRUZILHADA,7089,205,RPA2,2.891804203695867
1276,1276,PV,ENGENHO DO MEIO,17273,272,RPA4,1.5747119782319228
1277,1277,PV,ESPINHEIRO,5549,165,RPA3,2.97350874031357
1278,1278,PV,ESTANCIA,16957,282,Fora,1.6630300171020815
1279,1279,PV,FUNDAO,8298,529,RPA2,6.375030127741624
1280,1280,PV,GRACAS,21390,497,RPA3,2.323515661524077
1281,1281,PV,GUABIRABA,4666,71,RPA3,1.521645949421346
1282,1282,PV,HIPODROMO,5019,157,RPA2,3.128113169954174
1283,1283,PV,IBURA,67449,1972,RPA6,2.9236904920754943
1284,1284,PV,ILHA DO LEITE,3227,265,RPA1,8.21196157421754
1285,1285,PV,ILHA DO RETIRO,985,20,RPA4,2.030456852791878
1286,1286,PV,ILHA JOANA BEZERRA,1742,44,RPA1,2.525832376578645
1287,1287,PV,IMBIRIBEIRA,39102,748,RPA6,1.9129456293795712
1288,1288,PV,IPSEP,12301,425,RPA6,3.4550036582391677
1289,1289,PV,IPUTINGA,26310,519,RPA4,1.9726339794754848
1290,1290,PV,JAQUEIRA,658,19,RPA3,2.8875379939209727
1291,1291,PV,JARDIM SAO PAULO,21495,710,Fora,3.303093742730868
1292,1292,PV,JORDAO,21414,496,Fora,2.316241711030167
1293,1293,PV,LINHA DO TIRO,10900,452,RPA2,4.146788990825688
1294,1294,PV,MACAXEIRA,15211,475,RPA3,3.122740122279929
1295,1295,PV,MADALENA,33228,628,RPA4,1.8899723125075238
1296,1296,PV,MANGABEIRA,3837,262,RPA3,6.828251237946311
1297,1297,PV,MONTEIRO,4044,226,RPA3,5.588526211671612
1298,1298,PV,MORRO DA CONCEICAO,2937,277,RPA3,9.431392577459993
1299,1299,PV,MUSTARDINHA,15662,266,RPA5,1.6983782403269059
1300,1300,PV,NOVA DESCOBERTA,25012,845,RPA3,3.3783783783783785
1301,1301,PV,PARNAMIRIM,4545,156,RPA3,3.4323432343234326
1302,1302,PV,PASSARINHO,2273,45,RPA3,1.9797624285085789
1303,1303,PV,PINA,22677,690,RPA6,3.042730519910041
1304,1304,PV,POCO,1311,48,Fora,3.6613272311212817
1305,1305,PV,PORTO DA MADEIRA,4561,138,RPA2,3.025652269239202
1306,1306,PV,ROSARINHO,5358,154,RPA2,2.874206793579694
1307,1307,PV,SAN MARTIN,12852,279,RPA5,2.1708683473389354
1308,1308,PV,SANCHO,3258,70,RPA5,2.148557397176182
1309,1309,PV,SANTO AMARO,18484,269,RPA1,1.455312702878165
1310,1310,PV,SAO JOSE,9379,216,RPA1,2.303017379251519
1311,1311,PV,TAMARINEIRA,7754,327,RPA3,4.2171782305906635
1312,1312,PV,TEJIPIO,25915,626,RPA5,2.4155894269727956
1313,1313,PV,TORRE,8581,119,RPA4,1.386784757021326
1314,1314,PV,TORREAO,1293,23,RPA2,1.7788089713843775
1315,1315,PV,TORROES,12669,153,RPA4,1.207672270897466
1316,1316,PV,TOTO,998,15,Fora,1.503006012024048
1317,1317,PV,VARZEA,33806,886,RPA4,2.6208365378926817
1318,1318,PV,VASCO DA GAMA,18835,846,RPA3,4.4916379081497215
1319,1319,PV,ZUMBI,5963,77,RPA4,1.291296327352004
1320,1320,REDE,AFLITOS,2125,26,RPA3,1.223529411764706
1321,1321,REDE,AFOGADOS,21330,207,RPA5,0.9704641350210972
1322,1322,REDE,AGUA FRIA,21074,184,RPA2,0.8731137895036538
1323,1323,REDE,ALTO JOSE BONIFACIO,4814,30,RPA3,0.6231823847112589
1324,1324,REDE,ALTO JOSE DO PINHO,7159,49,RPA3,0.684453135912837
1325,1325,REDE,ALTO SANTA TEREZINHA,398,2,RPA2,0.5025125628140703
1326,1326,REDE,APIPUCOS,1819,17,RPA3,0.9345794392523363
1327,1327,REDE,AREIAS,16595,155,RPA5,0.9340162699608316
1328,1328,REDE,ARRUDA,19313,244,RPA2,1.263397711386113
1329,1329,REDE,BARRO,5127,37,RPA5,0.7216695923542032
1330,1330,REDE,BEBERIBE,18722,311,RPA2,1.6611473133212262
1331,1331,REDE,BOA VIAGEM,61677,1186,RPA6,1.9229210240446195
1332,1332,REDE,BOA VISTA,13712,184,RPA1,1.3418903150525088
1333,1333,REDE,BOMBA DO HEMETERIO,5565,41,RPA2,0.7367475292003595
1334,1334,REDE,BONGI,2299,42,RPA5,1.8268812527185732
1335,1335,REDE,BRASILIA TEIMOSA,7790,79,RPA6,1.0141206675224648
1336,1336,REDE,BREJO DA GUABIRABA,4742,33,RPA3,0.6959088991986504
1337,1337,REDE,BREJO DE BEBERIBE,1290,8,RPA3,0.6201550387596899
1338,1338,REDE,CABANGA,1491,36,RPA1,2.414486921529175
1339,1339,REDE,CAJUEIRO,6579,252,RPA2,3.830369357045144
1340,1340,REDE,CAMPINA DO BARRETO,5940,73,RPA2,1.228956228956229
1341,1341,REDE,CAMPO GRANDE,15758,176,RPA2,1.116893006726742
1342,1342,REDE,CASA AMARELA,40752,445,RPA3,1.0919709462112288
1343,1343,REDE,CASA FORTE,8977,76,RPA3,0.8466079982176673
1344,1344,REDE,CIDADE UNIVERSITARIA,10950,163,RPA4,1.4885844748858448
1345,1345,REDE,COHAB,10911,208,RPA6,1.90633305838145
1346,1346,REDE,CORDEIRO,24599,282,RPA4,1.1463880645554698
1347,1347,REDE,CORREGO DO JENIPAPO,56,2,RPA3,3.571428571428571
1348,1348,REDE,DERBY,1083,14,RPA3,1.2927054478301014
1349,1349,REDE,DOIS IRMAOS,5103,40,RPA3,0.7838526357044875
1350,1350,REDE,DOIS UNIDOS,8702,80,RPA2,0.9193288899103653
1351,1351,REDE,ENCRUZILHADA,6606,70,RPA2,1.0596427490160458
1352,1352,REDE,ENGENHO DO MEIO,17018,376,RPA4,2.209425314373017
1353,1353,REDE,ESPINHEIRO,4983,71,RPA3,1.4248444712020871
1354,1354,REDE,ESTANCIA,13880,104,Fora,0.7492795389048991
1355,1355,REDE,FUNDAO,8298,201,RPA2,2.4222704266088213
1356,1356,REDE,GRACAS,20843,220,RPA3,1.0555102432471333
1357,1357,REDE,GUABIRABA,2680,13,RPA3,0.4850746268656716
1358,1358,REDE,HIPODROMO,4117,41,RPA2,0.9958707796939519
1359,1359,REDE,IBURA,64305,995,RPA6,1.547313583702667
1360,1360,REDE,ILHA DO LEITE,3227,62,RPA1,1.9212891230244808
1361,1361,REDE,ILHA DO RETIRO,985,25,RPA4,2.5380710659898478
1362,1362,REDE,ILHA JOANA BEZERRA,1742,21,RPA1,1.2055109070034442
1363,1363,REDE,IMBIRIBEIRA,34806,379,RPA6,1.088892719646038
1364,1364,REDE,IPSEP,10429,102,RPA6,0.9780419982740436
1365,1365,REDE,IPUTINGA,24452,239,RPA4,0.9774251594961557
1366,1366,REDE,JAQUEIRA,658,6,RPA3,0.911854103343465
1367,1367,REDE,JARDIM SAO PAULO,20148,213,Fora,1.0571768910065515
1368,1368,REDE,JORDAO,21414,533,Fora,2.489025870925563
1369,1369,REDE,LINHA DO TIRO,8570,67,RPA2,0.7817969661610268
1370,1370,REDE,MACAXEIRA,14935,180,RPA3,1.2052226314027452
1371,1371,REDE,MADALENA,30642,378,RPA4,1.2336009398864305
1372,1372,REDE,MANGABEIRA,3358,35,RPA3,1.042287075640262
1373,1373,REDE,MONTEIRO,4044,48,RPA3,1.1869436201780417
1374,1374,REDE,MORRO DA CONCEICAO,2393,14,RPA3,0.5850396991224405
1375,1375,REDE,MUSTARDINHA,13098,96,RPA5,0.7329363261566652
1376,1376,REDE,NOVA DESCOBERTA,17799,112,RPA3,0.6292488342041688
1377,1377,REDE,PARNAMIRIM,4016,48,RPA3,1.1952191235059761
1378,1378,REDE,PASSARINHO,2273,46,RPA3,2.023757149142103
1379,1379,REDE,PINA,22350,305,RPA6,1.3646532438478747
1380,1380,REDE,POCO,746,6,Fora,0.8042895442359249
1381,1381,REDE,PORTO DA MADEIRA,4561,512,RPA2,11.225608419206315
1382,1382,REDE,ROSARINHO,5358,74,RPA2,1.3811123553564764
1383,1383,REDE,SAN MARTIN,12294,176,RPA5,1.4315926468195868
1384,1384,REDE,SANCHO,3251,21,RPA5,0.6459550907413103
1385,1385,REDE,SANTO AMARO,14671,110,RPA1,0.7497784745416127
1386,1386,REDE,SAO JOSE,9379,105,RPA1,1.1195223371361551
1387,1387,REDE,TAMARINEIRA,7533,77,RPA3,1.0221691225275453
1388,1388,REDE,TEJIPIO,23909,267,RPA5,1.1167342841607764
1389,1389,REDE,TORRE,6690,49,RPA4,0.7324364723467863
1390,1390,REDE,TORREAO,1161,7,RPA2,0.6029285099052542
1391,1391,REDE,TORROES,12487,399,RPA4,3.1953231360615035
1392,1392,REDE,TOTO,998,10,Fora,1.002004008016032
1393,1393,REDE,VARZEA,31698,331,RPA4,1.0442299198687615
1394,1394,REDE,VASCO DA GAMA,17390,178,RPA3,1.0235767682576193
1395,1395,REDE,ZUMBI,4706,44,RPA4,0.9349766255843603
1396,1396,REPUBLICANOS,AFLITOS,2464,70,RPA3,2.840909090909091
1397,1397,REPUBLICANOS,AFOGADOS,23970,798,RPA5,3.3291614518147683
1398,1398,REPUBLICANOS,AGUA FRIA,21755,1089,RPA2,5.00574580556194
1399,1399,REPUBLICANOS,ALTO JOSE BONIFACIO,6111,313,RPA3,5.121911307478317
1400,1400,REPUBLICANOS,ALTO JOSE DO PINHO,8184,538,RPA3,6.5738025415444765
1401,1401,REPUBLICANOS,ALTO SANTA TEREZINHA,720,37,RPA2,5.138888888888888
1402,1402,REPUBLICANOS,APIPUCOS,2141,54,RPA3,2.5221858944418494
1403,1403,REPUBLICANOS,AREIAS,21538,582,RPA5,2.702200761444888
1404,1404,REPUBLICANOS,ARRUDA,20390,997,RPA2,4.889651790093183
1405,1405,REPUBLICANOS,BARRO,7084,121,RPA5,1.7080745341614907
1406,1406,REPUBLICANOS,BEBERIBE,18722,1110,RPA2,5.928853754940711
1407,1407,REPUBLICANOS,BOA VIAGEM,62913,5237,RPA6,8.32419372784639
1408,1408,REPUBLICANOS,BOA VISTA,14400,525,RPA1,3.6458333333333335
1409,1409,REPUBLICANOS,BOMBA DO HEMETERIO,6864,420,RPA2,6.118881118881119
1410,1410,REPUBLICANOS,BONGI,2782,78,RPA5,2.803738317757009
1411,1411,REPUBLICANOS,BRASILIA TEIMOSA,9212,439,RPA6,4.765523230568823
1412,1412,REPUBLICANOS,BREJO DA GUABIRABA,6466,308,RPA3,4.763377667800804
1413,1413,REPUBLICANOS,BREJO DE BEBERIBE,2614,142,RPA3,5.432287681713849
1414,1414,REPUBLICANOS,CABANGA,1491,133,RPA1,8.92018779342723
1415,1415,REPUBLICANOS,CAJUEIRO,6579,303,RPA2,4.605563155494756
1416,1416,REPUBLICANOS,CAMPINA DO BARRETO,5940,261,RPA2,4.393939393939394
1417,1417,REPUBLICANOS,CAMPO GRANDE,17284,627,RPA2,3.6276324924785928
1418,1418,REPUBLICANOS,CASA AMARELA,43142,2143,RPA3,4.967317231468175
1419,1419,REPUBLICANOS,CASA FORTE,10157,290,RPA3,2.8551737717830066
1420,1420,REPUBLICANOS,CIDADE UNIVERSITARIA,10950,373,RPA4,3.406392694063927
1421,1421,REPUBLICANOS,COHAB,10911,613,RPA6,5.6181834845568694
1422,1422,REPUBLICANOS,CORDEIRO,26903,827,RPA4,3.0740066163624875
1423,1423,REPUBLICANOS,CORREGO DO JENIPAPO,56,1,RPA3,1.7857142857142856
1424,1424,REPUBLICANOS,DERBY,1512,58,RPA3,3.835978835978836
1425,1425,REPUBLICANOS,DOIS IRMAOS,5423,147,RPA3,2.7106767471879034
1426,1426,REPUBLICANOS,DOIS UNIDOS,9367,428,RPA2,4.569232411657948
1427,1427,REPUBLICANOS,ENCRUZILHADA,7089,294,RPA2,4.14727041895895
1428,1428,REPUBLICANOS,ENGENHO DO MEIO,17273,596,RPA4,3.450471834655242
1429,1429,REPUBLICANOS,ESPINHEIRO,5549,184,RPA3,3.3159127770769508
1430,1430,REPUBLICANOS,ESTANCIA,16957,377,Fora,2.2232706257003008
1431,1431,REPUBLICANOS,FUNDAO,8298,469,RPA2,5.651964328753917
1432,1432,REPUBLICANOS,GRACAS,21680,562,RPA3,2.592250922509225
1433,1433,REPUBLICANOS,GUABIRABA,4763,198,RPA3,4.157043879907621
1434,1434,REPUBLICANOS,HIPODROMO,5019,172,RPA2,3.4269774855548913
1435,1435,REPUBLICANOS,IBURA,67532,4645,RPA6,6.878220695374044
1436,1436,REPUBLICANOS,ILHA DO LEITE,3227,194,RPA1,6.0117756430120854
1437,1437,REPUBLICANOS,ILHA DO RETIRO,985,30,RPA4,3.0456852791878175
1438,1438,REPUBLICANOS,ILHA JOANA BEZERRA,1742,108,RPA1,6.199770378874857
1439,1439,REPUBLICANOS,IMBIRIBEIRA,39200,1841,RPA6,4.696428571428571
1440,1440,REPUBLICANOS,IPSEP,12429,883,RPA6,7.104352723469305
1441,1441,REPUBLICANOS,IPUTINGA,26310,1353,RPA4,5.142531356898518
1442,1442,REPUBLICANOS,JAQUEIRA,658,10,RPA3,1.5197568389057752
1443,1443,REPUBLICANOS,JARDIM SAO PAULO,21495,526,Fora,2.447080716445685
1444,1444,REPUBLICANOS,JORDAO,21414,3634,Fora,16.97020640702344
1445,1445,REPUBLICANOS,LINHA DO TIRO,10900,457,RPA2,4.192660550458715
1446,1446,REPUBLICANOS,MACAXEIRA,15211,573,RPA3,3.7670107159292616
1447,1447,REPUBLICANOS,MADALENA,33165,922,RPA4,2.7800391979496455
1448,1448,REPUBLICANOS,MANGABEIRA,3837,243,RPA3,6.333072713057075
1449,1449,REPUBLICANOS,MONTEIRO,4044,136,RPA3,3.3630069238377844
1450,1450,REPUBLICANOS,MORRO DA CONCEICAO,2937,223,RPA3,7.59278175008512
1451,1451,REPUBLICANOS,MUSTARDINHA,15527,342,RPA5,2.2026148000257617
1452,1452,REPUBLICANOS,NOVA DESCOBERTA,25012,1183,RPA3,4.72972972972973
1453,1453,REPUBLICANOS,PARNAMIRIM,4545,142,RPA3,3.1243124312431245
1454,1454,REPUBLICANOS,PASSARINHO,2273,134,RPA3,5.8952925648922125
1455,1455,REPUBLICANOS,PINA,22677,1100,RPA6,4.850729814349341
1456,1456,REPUBLICANOS,POCO,1311,27,Fora,2.059496567505721
1457,1457,REPUBLICANOS,PORTO DA MADEIRA,4561,211,RPA2,4.626178469633852
1458,1458,REPUBLICANOS,ROSARINHO,5358,141,RPA2,2.631578947368421
1459,1459,REPUBLICANOS,SAN MARTIN,12852,383,RPA5,2.9800809212573918
1460,1460,REPUBLICANOS,SANCHO,3558,61,RPA5,1.7144463181562677
1461,1461,REPUBLICANOS,SANTO AMARO,20199,1411,RPA1,6.985494331402545
1462,1462,REPUBLICANOS,SAO JOSE,9379,646,RPA1,6.887727902761489
1463,1463,REPUBLICANOS,TAMARINEIRA,7754,294,RPA3,3.7915914366778436
1464,1464,REPUBLICANOS,TEJIPIO,25743,665,RPA5,2.5832265081769803
1465,1465,REPUBLICANOS,TORRE,8581,172,RPA4,2.0044283882997322
1466,1466,REPUBLICANOS,TORREAO,1293,31,RPA2,2.3975251353441607
1467,1467,REPUBLICANOS,TORROES,12973,391,RPA4,3.0139520542665537
1468,1468,REPUBLICANOS,TOTO,998,18,Fora,1.8036072144288577
1469,1469,REPUBLICANOS,VARZEA,33806,921,RPA4,2.724368455303792
1470,1470,REPUBLICANOS,VASCO DA GAMA,18835,2069,RPA3,10.984868595699496
1471,1471,REPUBLICANOS,ZUMBI,5963,155,RPA4,2.599362736877411
1472,1472,SOLIDARIEDADE,AFLITOS,612,2,RPA3,0.32679738562091504
1473,1473,SOLIDARIEDADE,AFOGADOS,13401,60,RPA5,0.4477277815088426
1474,1474,SOLIDARIEDADE,AGUA FRIA,5727,19,RPA2,0.3317618299284093
1475,1475,SOLIDARIEDADE,ALTO JOSE BONIFACIO,1497,5,RPA3,0.33400133600534404
1476,1476,SOLIDARIEDADE,ALTO JOSE DO PINHO,2415,11,RPA3,0.4554865424430642
1477,1477,SOLIDARIEDADE,APIPUCOS,593,2,RPA3,0.33726812816188867
1478,1478,SOLIDARIEDADE,AREIAS,2559,9,RPA5,0.3516998827667058
1479,1479,SOLIDARIEDADE,ARRUDA,6871,33,RPA2,0.4802794353078154
1480,1480,SOLIDARIEDADE,BARRO,1298,6,RPA5,0.46224961479198773
1481,1481,SOLIDARIEDADE,BEBERIBE,3860,15,RPA2,0.38860103626943004
1482,1482,SOLIDARIEDADE,BOA VIAGEM,21887,112,RPA6,0.5117192854205693
1483,1483,SOLIDARIEDADE,BOA VISTA,7323,45,RPA1,0.6145022531749283
1484,1484,SOLIDARIEDADE,BOMBA DO HEMETERIO,1283,4,RPA2,0.3117692907248636
1485,1485,SOLIDARIEDADE,BONGI,2256,31,RPA5,1.374113475177305
1486,1486,SOLIDARIEDADE,BRASILIA TEIMOSA,2405,10,RPA6,0.4158004158004158
1487,1487,SOLIDARIEDADE,BREJO DE BEBERIBE,638,2,RPA3,0.3134796238244514
1488,1488,SOLIDARIEDADE,CAJUEIRO,585,2,RPA2,0.3418803418803419
1489,1489,SOLIDARIEDADE,CAMPINA DO BARRETO,2335,7,RPA2,0.29978586723768735
1490,1490,SOLIDARIEDADE,CAMPO GRANDE,5704,20,RPA2,0.3506311360448808
1491,1491,SOLIDARIEDADE,CASA AMARELA,12258,52,RPA3,0.42421275901452116
1492,1492,SOLIDARIEDADE,CASA FORTE,2342,10,RPA3,0.4269854824935952
1493,1493,SOLIDARIEDADE,CIDADE UNIVERSITARIA,6201,27,RPA4,0.43541364296081275
1494,1494,SOLIDARIEDADE,COHAB,4314,18,RPA6,0.4172461752433936
1495,1495,SOLIDARIEDADE,CORDEIRO,13637,61,RPA4,0.4473124587519249
1496,1496,SOLIDARIEDADE,DERBY,1291,15,RPA3,1.1618900077459333
1497,1497,SOLIDARIEDADE,DOIS IRMAOS,965,4,RPA3,0.41450777202072536
1498,1498,SOLIDARIEDADE,DOIS UNIDOS,2340,7,RPA2,0.2991452991452992
1499,1499,SOLIDARIEDADE,ENCRUZILHADA,3624,16,RPA2,0.44150110375275936
1500,1500,SOLIDARIEDADE,ENGENHO DO MEIO,5198,24,RPA4,0.461716044632551
1501,1501,SOLIDARIEDADE,ESPINHEIRO,2683,13,RPA3,0.4845322400298174
1502,1502,SOLIDARIEDADE,ESTANCIA,5830,24,Fora,0.411663807890223
1503,1503,SOLIDARIEDADE,FUNDAO,1795,7,RPA2,0.38997214484679665
1504,1504,SOLIDARIEDADE,GRACAS,9172,44,RPA3,0.4797208896641954
1505,1505,SOLIDARIEDADE,GUABIRABA,341,1,RPA3,0.2932551319648094
1506,1506,SOLIDARIEDADE,HIPODROMO,2375,10,RPA2,0.42105263157894735
1507,1507,SOLIDARIEDADE,IBURA,15298,57,RPA6,0.3725977251928357
1508,1508,SOLIDARIEDADE,ILHA DO LEITE,611,3,RPA1,0.4909983633387889
1509,1509,SOLIDARIEDADE,ILHA DO RETIRO,313,1,RPA4,0.3194888178913738
1510,1510,SOLIDARIEDADE,ILHA JOANA BEZERRA,297,1,RPA1,0.33670033670033667
1511,1511,SOLIDARIEDADE,IMBIRIBEIRA,15598,70,RPA6,0.4487754840364149
1512,1512,SOLIDARIEDADE,IPSEP,5237,26,RPA6,0.49646744319266756
1513,1513,SOLIDARIEDADE,IPUTINGA,8214,28,RPA4,0.34088142196250304
1514,1514,SOLIDARIEDADE,JAQUEIRA,339,1,RPA3,0.2949852507374631
1515,1515,SOLIDARIEDADE,JARDIM SAO PAULO,7062,29,Fora,0.410648541489663
1516,1516,SOLIDARIEDADE,JORDAO,4763,18,Fora,0.3779130799916019
1517,1517,SOLIDARIEDADE,LINHA DO TIRO,1010,3,RPA2,0.297029702970297
1518,1518,SOLIDARIEDADE,MACAXEIRA,1575,5,RPA3,0.31746031746031744
1519,1519,SOLIDARIEDADE,MADALENA,15199,72,RPA4,0.47371537601157965
1520,1520,SOLIDARIEDADE,MANGABEIRA,1090,4,RPA3,0.3669724770642202
1521,1521,SOLIDARIEDADE,MONTEIRO,532,2,RPA3,0.37593984962406013
1522,1522,SOLIDARIEDADE,MORRO DA CONCEICAO,1025,3,RPA3,0.2926829268292683
1523,1523,SOLIDARIEDADE,MUSTARDINHA,11685,72,RPA5,0.6161745827984596
1524,1524,SOLIDARIEDADE,NOVA DESCOBERTA,4589,15,RPA3,0.326868598823273
1525,1525,SOLIDARIEDADE,PARNAMIRIM,2065,9,RPA3,0.4358353510895884
1526,1526,SOLIDARIEDADE,PASSARINHO,330,1,RPA3,0.30303030303030304
1527,1527,SOLIDARIEDADE,PINA,12412,52,RPA6,0.41894940380277146
1528,1528,SOLIDARIEDADE,PORTO DA MADEIRA,1971,7,RPA2,0.35514967021816335
1529,1529,SOLIDARIEDADE,ROSARINHO,2366,11,RPA2,0.46491969568892644
1530,1530,SOLIDARIEDADE,SAN MARTIN,12292,179,RPA5,1.4562316954116499
1531,1531,SOLIDARIEDADE,SANCHO,556,2,RPA5,0.3597122302158274
1532,1532,SOLIDARIEDADE,SANTO AMARO,7133,27,RPA1,0.378522360857984
1533,1533,SOLIDARIEDADE,SAO JOSE,2084,9,RPA1,0.43186180422264875
1534,1534,SOLIDARIEDADE,TAMARINEIRA,3185,15,RPA3,0.47095761381475665
1535,1535,SOLIDARIEDADE,TEJIPIO,9833,45,RPA5,0.4576426319536256
1536,1536,SOLIDARIEDADE,TORRE,2239,10,RPA4,0.4466279589102278
1537,1537,SOLIDARIEDADE,TORREAO,528,3,RPA2,0.5681818181818182
1538,1538,SOLIDARIEDADE,TORROES,9778,100,RPA4,1.022704029453876
1539,1539,SOLIDARIEDADE,VARZEA,10963,44,RPA4,0.4013499954392046
1540,1540,SOLIDARIEDADE,VASCO DA GAMA,4328,17,RPA3,0.3927911275415897
1541,1541,SOLIDARIEDADE,ZUMBI,2791,9,RPA4,0.32246506628448585
1542,1542,UP,AFLITOS,7582,29,RPA3,0.3824848324980216
1543,1543,UP,AFOGADOS,10257,40,RPA5,0.38997757628936336
1544,1544,UP,AGUA FRIA,7258,25,RPA2,0.3444475062000551
1545,1545,UP,ALTO JOSE BONIFACIO,6178,19,RPA3,0.30754289414049857
1546,1546,UP,ALTO JOSE DO PINHO,3412,11,RPA3,0.3223915592028136
1547,1547,UP,ALTO SANTA TEREZINHA,720,3,RPA2,0.4166666666666667
1548,1548,UP,APIPUCOS,3078,10,RPA3,0.3248862897985705
1549,1549,UP,AREIAS,12410,47,RPA5,0.37872683319903305
1550,1550,UP,ARRUDA,7849,33,RPA2,0.42043572429608866
1551,1551,UP,BARRO,3441,13,RPA5,0.3777971519907004
1552,1552,UP,BEBERIBE,5626,23,RPA2,0.4088162104514753
1553,1553,UP,BOA VIAGEM,66423,321,RPA6,0.4832663384670972
1554,1554,UP,BOA VISTA,24673,150,RPA1,0.6079520123211608
1555,1555,UP,BOMBA DO HEMETERIO,5900,20,RPA2,0.3389830508474576
1556,1556,UP,BONGI,494,2,RPA5,0.4048582995951417
1557,1557,UP,BRASILIA TEIMOSA,7666,29,RPA6,0.3782937646751891
1558,1558,UP,BREJO DA GUABIRABA,1755,6,RPA3,0.3418803418803419
1559,1559,UP,BREJO DE BEBERIBE,4278,17,RPA3,0.3973819541841982
1560,1560,UP,CAJUEIRO,5058,26,RPA2,0.5140371688414392
1561,1561,UP,CAMPINA DO BARRETO,3065,10,RPA2,0.3262642740619902
1562,1562,UP,CAMPO GRANDE,8924,41,RPA2,0.45943523083818916
1563,1563,UP,CASA AMARELA,27921,126,RPA3,0.45127323519931234
1564,1564,UP,CASA FORTE,8754,36,RPA3,0.411240575736806
1565,1565,UP,CIDADE UNIVERSITARIA,19202,102,RPA4,0.5311946672221644
1566,1566,UP,COHAB,3931,13,RPA6,0.3307046553039939
1567,1567,UP,CORDEIRO,34019,183,RPA4,0.5379346835591875
1568,1568,UP,DERBY,3242,28,RPA3,0.863664404688464
1569,1569,UP,DOIS IRMAOS,4085,13,RPA3,0.3182374541003672
1570,1570,UP,DOIS UNIDOS,3708,12,RPA2,0.3236245954692557
1571,1571,UP,ENCRUZILHADA,8352,47,RPA2,0.5627394636015326
1572,1572,UP,ENGENHO DO MEIO,16438,78,RPA4,0.47451028105608956
1573,1573,UP,ESPINHEIRO,8251,47,RPA3,0.5696279238880135
1574,1574,UP,ESTANCIA,9963,41,Fora,0.411522633744856
1575,1575,UP,FUNDAO,9952,39,RPA2,0.39188102893890675
1576,1576,UP,GRACAS,28763,137,RPA3,0.47630636581719565
1577,1577,UP,GUABIRABA,1348,4,RPA3,0.2967359050445104
1578,1578,UP,HIPODROMO,5029,22,RPA2,0.4374627162457745
1579,1579,UP,IBURA,17895,67,RPA6,0.37440625873148925
1580,1580,UP,ILHA DO LEITE,332,1,RPA1,0.30120481927710846
1581,1581,UP,ILHA JOANA BEZERRA,1188,4,RPA1,0.33670033670033667
1582,1582,UP,IMBIRIBEIRA,30816,153,RPA6,0.4964953271028037
1583,1583,UP,IPSEP,7347,32,RPA6,0.4355519259561726
1584,1584,UP,IPUTINGA,55095,283,RPA4,0.5136582266993375
1585,1585,UP,JARDIM SAO PAULO,10739,46,Fora,0.428345283545954
1586,1586,UP,JORDAO,6880,29,Fora,0.42151162790697677
1587,1587,UP,LINHA DO TIRO,4943,17,RPA2,0.3439206959336435
1588,1588,UP,MACAXEIRA,6301,22,RPA3,0.34915092842405965
1589,1589,UP,MADALENA,39510,208,RPA4,0.5264490002531005
1590,1590,UP,MANGABEIRA,3791,19,RPA3,0.5011870218939594
1591,1591,UP,MONTEIRO,4070,15,RPA3,0.36855036855036855
1592,1592,UP,MORRO DA CONCEICAO,219,1,RPA3,0.45662100456621
1593,1593,UP,MUSTARDINHA,12176,60,RPA5,0.492772667542707
1594,1594,UP,NOVA DESCOBERTA,6891,22,RPA3,0.3192570018865186
1595,1595,UP,PARNAMIRIM,2175,9,RPA3,0.41379310344827586
1596,1596,UP,PASSARINHO,958,4,RPA3,0.41753653444676403
1597,1597,UP,PINA,13405,50,RPA6,0.37299515106303616
1598,1598,UP,POCO,1865,8,Fora,0.42895442359249336
1599,1599,UP,PORTO DA MADEIRA,3541,11,RPA2,0.31064670996893534
1600,1600,UP,ROSARINHO,6174,27,RPA2,0.43731778425655976
1601,1601,UP,SAN MARTIN,7719,35,RPA5,0.4534266096644643
1602,1602,UP,SANCHO,4471,15,RPA5,0.33549541489599644
1603,1603,UP,SANTO AMARO,15636,103,RPA1,0.6587362496802251
1604,1604,UP,SAO JOSE,6923,27,RPA1,0.390004333381482
1605,1605,UP,TAMARINEIRA,5835,22,RPA3,0.37703513281919454
1606,1606,UP,TEJIPIO,21133,83,RPA5,0.39275067430085653
1607,1607,UP,TORRE,11415,50,RPA4,0.4380201489268506
1608,1608,UP,TORREAO,765,4,RPA2,0.522875816993464
1609,1609,UP,TORROES,7936,33,RPA4,0.41582661290322576
1610,1610,UP,VARZEA,37201,146,RPA4,0.39246256821053194
1611,1611,UP,VASCO DA GAMA,8484,30,RPA3,0.3536067892503536
1612,1612,UP,ZUMBI,6516,33,RPA4,0.5064456721915286
